ISO-10303-21;
HEADER;
/* Generated by software containing ST-Developer
 * from STEP Tools, Inc. (www.steptools.com) 
 */

FILE_DESCRIPTION(
/* description */ (''),
/* implementation_level */ '2;1');

FILE_NAME(
/* name */ 'NewDesign(Assembly).step',
/* time_stamp */ '2026-05-10T18:20:59+10:00',
/* author */ (''),
/* organization */ (''),
/* preprocessor_version */ 'ST-DEVELOPER v20.1',
/* originating_system */ 'Autodesk Translation Framework v15.8.0.0',
/* authorisation */ '');

FILE_SCHEMA (('AUTOMOTIVE_DESIGN { 1 0 10303 214 3 1 1 }'));
ENDSEC;

DATA;
#10=MECHANICAL_DESIGN_GEOMETRIC_PRESENTATION_REPRESENTATION('',(#42,#43,
#44,#45),#2994);
#11=ITEM_DEFINED_TRANSFORMATION($,$,#1877,#1993);
#12=ITEM_DEFINED_TRANSFORMATION($,$,#1878,#1994);
#13=ITEM_DEFINED_TRANSFORMATION($,$,#1922,#1995);
#14=ITEM_DEFINED_TRANSFORMATION($,$,#1939,#1996);
#15=ITEM_DEFINED_TRANSFORMATION($,$,#1980,#1997);
#16=(
REPRESENTATION_RELATIONSHIP($,$,#3017,#3016)
REPRESENTATION_RELATIONSHIP_WITH_TRANSFORMATION(#11)
SHAPE_REPRESENTATION_RELATIONSHIP()
);
#17=(
REPRESENTATION_RELATIONSHIP($,$,#3018,#3016)
REPRESENTATION_RELATIONSHIP_WITH_TRANSFORMATION(#12)
SHAPE_REPRESENTATION_RELATIONSHIP()
);
#18=(
REPRESENTATION_RELATIONSHIP($,$,#3019,#3016)
REPRESENTATION_RELATIONSHIP_WITH_TRANSFORMATION(#13)
SHAPE_REPRESENTATION_RELATIONSHIP()
);
#19=(
REPRESENTATION_RELATIONSHIP($,$,#3020,#3016)
REPRESENTATION_RELATIONSHIP_WITH_TRANSFORMATION(#14)
SHAPE_REPRESENTATION_RELATIONSHIP()
);
#20=(
REPRESENTATION_RELATIONSHIP($,$,#3021,#3016)
REPRESENTATION_RELATIONSHIP_WITH_TRANSFORMATION(#15)
SHAPE_REPRESENTATION_RELATIONSHIP()
);
#21=CONTEXT_DEPENDENT_SHAPE_REPRESENTATION(#16,#3011);
#22=CONTEXT_DEPENDENT_SHAPE_REPRESENTATION(#17,#3012);
#23=CONTEXT_DEPENDENT_SHAPE_REPRESENTATION(#18,#3013);
#24=CONTEXT_DEPENDENT_SHAPE_REPRESENTATION(#19,#3014);
#25=CONTEXT_DEPENDENT_SHAPE_REPRESENTATION(#20,#3015);
#26=NEXT_ASSEMBLY_USAGE_OCCURRENCE('External2:1','External2:1',
'External2:1',#3023,#3024,'External2:1');
#27=NEXT_ASSEMBLY_USAGE_OCCURRENCE('drawer:1','drawer:1','drawer:1',#3023,
#3025,'drawer:1');
#28=NEXT_ASSEMBLY_USAGE_OCCURRENCE('wheelCage:1','wheelCage:1',
'wheelCage:1',#3023,#3026,'wheelCage:1');
#29=NEXT_ASSEMBLY_USAGE_OCCURRENCE('Sg90 bracket:1','Sg90 bracket:1',
'Sg90 bracket:1',#3023,#3027,'Sg90 bracket:1');
#30=NEXT_ASSEMBLY_USAGE_OCCURRENCE('batteryHolder:1','batteryHolder:1',
'batteryHolder:1',#3023,#3028,'batteryHolder:1');
#31=SPHERICAL_SURFACE('',#1954,0.1);
#32=ELLIPSE('',#1951,0.14142135623731,0.1);
#33=ELLIPSE('',#1968,0.141421356237309,0.1);
#34=SHAPE_REPRESENTATION_RELATIONSHIP('SRR','None',#3018,#38);
#35=SHAPE_REPRESENTATION_RELATIONSHIP('SRR','None',#3019,#39);
#36=SHAPE_REPRESENTATION_RELATIONSHIP('SRR','None',#3020,#40);
#37=SHAPE_REPRESENTATION_RELATIONSHIP('SRR','None',#3021,#41);
#38=ADVANCED_BREP_SHAPE_REPRESENTATION('',(#46),#2990);
#39=ADVANCED_BREP_SHAPE_REPRESENTATION('',(#47),#2991);
#40=ADVANCED_BREP_SHAPE_REPRESENTATION('',(#48),#2992);
#41=ADVANCED_BREP_SHAPE_REPRESENTATION('',(#49),#2993);
#42=STYLED_ITEM('',(#3050),#46);
#43=STYLED_ITEM('',(#3050),#47);
#44=STYLED_ITEM('',(#3051),#48);
#45=STYLED_ITEM('',(#3050),#49);
#46=MANIFOLD_SOLID_BREP('Body1',#1816);
#47=MANIFOLD_SOLID_BREP('Body1',#1817);
#48=MANIFOLD_SOLID_BREP('Body1',#1818);
#49=MANIFOLD_SOLID_BREP('Body1',#1819);
#50=FACE_BOUND('',#210,.T.);
#51=FACE_BOUND('',#218,.T.);
#52=FACE_BOUND('',#219,.T.);
#53=FACE_BOUND('',#220,.T.);
#54=FACE_BOUND('',#221,.T.);
#55=FACE_BOUND('',#223,.T.);
#56=FACE_BOUND('',#224,.T.);
#57=FACE_BOUND('',#225,.T.);
#58=FACE_BOUND('',#234,.T.);
#59=FACE_BOUND('',#242,.T.);
#60=FACE_BOUND('',#261,.T.);
#61=FACE_BOUND('',#262,.T.);
#62=CIRCLE('',#1901,0.120649999999999);
#63=CIRCLE('',#1902,0.120649999999999);
#64=CIRCLE('',#1904,0.120649999999999);
#65=CIRCLE('',#1905,0.120649999999999);
#66=CIRCLE('',#1907,0.12065);
#67=CIRCLE('',#1908,0.12065);
#68=CIRCLE('',#1947,0.1);
#69=CIRCLE('',#1950,0.1);
#70=CIRCLE('',#1955,0.1);
#71=CIRCLE('',#1956,0.1);
#72=CIRCLE('',#1957,0.1);
#73=CIRCLE('',#1959,0.1);
#74=CIRCLE('',#1962,0.1);
#75=CIRCLE('',#1964,0.1);
#76=CIRCLE('',#1965,0.085);
#77=CIRCLE('',#1966,0.085);
#78=CIRCLE('',#1971,0.085);
#79=CIRCLE('',#1974,0.085);
#80=CYLINDRICAL_SURFACE('',#1900,0.120649999999999);
#81=CYLINDRICAL_SURFACE('',#1903,0.120649999999999);
#82=CYLINDRICAL_SURFACE('',#1906,0.12065);
#83=CYLINDRICAL_SURFACE('',#1949,0.1);
#84=CYLINDRICAL_SURFACE('',#1958,0.1);
#85=CYLINDRICAL_SURFACE('',#1960,0.1);
#86=CYLINDRICAL_SURFACE('',#1961,0.1);
#87=CYLINDRICAL_SURFACE('',#1967,0.1);
#88=CYLINDRICAL_SURFACE('',#1969,0.1);
#89=CYLINDRICAL_SURFACE('',#1970,0.085);
#90=CYLINDRICAL_SURFACE('',#1973,0.085);
#91=FACE_OUTER_BOUND('',#182,.T.);
#92=FACE_OUTER_BOUND('',#183,.T.);
#93=FACE_OUTER_BOUND('',#184,.T.);
#94=FACE_OUTER_BOUND('',#185,.T.);
#95=FACE_OUTER_BOUND('',#186,.T.);
#96=FACE_OUTER_BOUND('',#187,.T.);
#97=FACE_OUTER_BOUND('',#188,.T.);
#98=FACE_OUTER_BOUND('',#189,.T.);
#99=FACE_OUTER_BOUND('',#190,.T.);
#100=FACE_OUTER_BOUND('',#191,.T.);
#101=FACE_OUTER_BOUND('',#192,.T.);
#102=FACE_OUTER_BOUND('',#193,.T.);
#103=FACE_OUTER_BOUND('',#194,.T.);
#104=FACE_OUTER_BOUND('',#195,.T.);
#105=FACE_OUTER_BOUND('',#196,.T.);
#106=FACE_OUTER_BOUND('',#197,.T.);
#107=FACE_OUTER_BOUND('',#198,.T.);
#108=FACE_OUTER_BOUND('',#199,.T.);
#109=FACE_OUTER_BOUND('',#200,.T.);
#110=FACE_OUTER_BOUND('',#201,.T.);
#111=FACE_OUTER_BOUND('',#202,.T.);
#112=FACE_OUTER_BOUND('',#203,.T.);
#113=FACE_OUTER_BOUND('',#204,.T.);
#114=FACE_OUTER_BOUND('',#205,.T.);
#115=FACE_OUTER_BOUND('',#206,.T.);
#116=FACE_OUTER_BOUND('',#207,.T.);
#117=FACE_OUTER_BOUND('',#208,.T.);
#118=FACE_OUTER_BOUND('',#209,.T.);
#119=FACE_OUTER_BOUND('',#211,.T.);
#120=FACE_OUTER_BOUND('',#212,.T.);
#121=FACE_OUTER_BOUND('',#213,.T.);
#122=FACE_OUTER_BOUND('',#214,.T.);
#123=FACE_OUTER_BOUND('',#215,.T.);
#124=FACE_OUTER_BOUND('',#216,.T.);
#125=FACE_OUTER_BOUND('',#217,.T.);
#126=FACE_OUTER_BOUND('',#222,.T.);
#127=FACE_OUTER_BOUND('',#226,.T.);
#128=FACE_OUTER_BOUND('',#227,.T.);
#129=FACE_OUTER_BOUND('',#228,.T.);
#130=FACE_OUTER_BOUND('',#229,.T.);
#131=FACE_OUTER_BOUND('',#230,.T.);
#132=FACE_OUTER_BOUND('',#231,.T.);
#133=FACE_OUTER_BOUND('',#232,.T.);
#134=FACE_OUTER_BOUND('',#233,.T.);
#135=FACE_OUTER_BOUND('',#235,.T.);
#136=FACE_OUTER_BOUND('',#236,.T.);
#137=FACE_OUTER_BOUND('',#237,.T.);
#138=FACE_OUTER_BOUND('',#238,.T.);
#139=FACE_OUTER_BOUND('',#239,.T.);
#140=FACE_OUTER_BOUND('',#240,.T.);
#141=FACE_OUTER_BOUND('',#241,.T.);
#142=FACE_OUTER_BOUND('',#243,.T.);
#143=FACE_OUTER_BOUND('',#244,.T.);
#144=FACE_OUTER_BOUND('',#245,.T.);
#145=FACE_OUTER_BOUND('',#246,.T.);
#146=FACE_OUTER_BOUND('',#247,.T.);
#147=FACE_OUTER_BOUND('',#248,.T.);
#148=FACE_OUTER_BOUND('',#249,.T.);
#149=FACE_OUTER_BOUND('',#250,.T.);
#150=FACE_OUTER_BOUND('',#251,.T.);
#151=FACE_OUTER_BOUND('',#252,.T.);
#152=FACE_OUTER_BOUND('',#253,.T.);
#153=FACE_OUTER_BOUND('',#254,.T.);
#154=FACE_OUTER_BOUND('',#255,.T.);
#155=FACE_OUTER_BOUND('',#256,.T.);
#156=FACE_OUTER_BOUND('',#257,.T.);
#157=FACE_OUTER_BOUND('',#258,.T.);
#158=FACE_OUTER_BOUND('',#259,.T.);
#159=FACE_OUTER_BOUND('',#260,.T.);
#160=FACE_OUTER_BOUND('',#263,.T.);
#161=FACE_OUTER_BOUND('',#264,.T.);
#162=FACE_OUTER_BOUND('',#265,.T.);
#163=FACE_OUTER_BOUND('',#266,.T.);
#164=FACE_OUTER_BOUND('',#267,.T.);
#165=FACE_OUTER_BOUND('',#268,.T.);
#166=FACE_OUTER_BOUND('',#269,.T.);
#167=FACE_OUTER_BOUND('',#270,.T.);
#168=FACE_OUTER_BOUND('',#271,.T.);
#169=FACE_OUTER_BOUND('',#272,.T.);
#170=FACE_OUTER_BOUND('',#273,.T.);
#171=FACE_OUTER_BOUND('',#274,.T.);
#172=FACE_OUTER_BOUND('',#275,.T.);
#173=FACE_OUTER_BOUND('',#276,.T.);
#174=FACE_OUTER_BOUND('',#277,.T.);
#175=FACE_OUTER_BOUND('',#278,.T.);
#176=FACE_OUTER_BOUND('',#279,.T.);
#177=FACE_OUTER_BOUND('',#280,.T.);
#178=FACE_OUTER_BOUND('',#281,.T.);
#179=FACE_OUTER_BOUND('',#282,.T.);
#180=FACE_OUTER_BOUND('',#283,.T.);
#181=FACE_OUTER_BOUND('',#284,.T.);
#182=EDGE_LOOP('',(#1150,#1151,#1152,#1153,#1154));
#183=EDGE_LOOP('',(#1155,#1156,#1157,#1158));
#184=EDGE_LOOP('',(#1159,#1160,#1161,#1162,#1163,#1164,#1165,#1166,#1167));
#185=EDGE_LOOP('',(#1168,#1169,#1170,#1171));
#186=EDGE_LOOP('',(#1172,#1173,#1174,#1175,#1176,#1177,#1178,#1179));
#187=EDGE_LOOP('',(#1180,#1181,#1182,#1183,#1184,#1185,#1186,#1187));
#188=EDGE_LOOP('',(#1188,#1189,#1190,#1191));
#189=EDGE_LOOP('',(#1192,#1193,#1194,#1195,#1196,#1197));
#190=EDGE_LOOP('',(#1198,#1199,#1200,#1201));
#191=EDGE_LOOP('',(#1202,#1203,#1204,#1205));
#192=EDGE_LOOP('',(#1206,#1207,#1208,#1209));
#193=EDGE_LOOP('',(#1210,#1211,#1212,#1213));
#194=EDGE_LOOP('',(#1214,#1215,#1216,#1217));
#195=EDGE_LOOP('',(#1218,#1219,#1220,#1221,#1222));
#196=EDGE_LOOP('',(#1223,#1224,#1225,#1226));
#197=EDGE_LOOP('',(#1227,#1228,#1229,#1230));
#198=EDGE_LOOP('',(#1231,#1232,#1233,#1234,#1235,#1236));
#199=EDGE_LOOP('',(#1237,#1238,#1239,#1240,#1241,#1242,#1243,#1244,#1245,
#1246,#1247,#1248));
#200=EDGE_LOOP('',(#1249,#1250,#1251,#1252));
#201=EDGE_LOOP('',(#1253,#1254,#1255,#1256,#1257,#1258));
#202=EDGE_LOOP('',(#1259,#1260,#1261,#1262,#1263,#1264,#1265,#1266));
#203=EDGE_LOOP('',(#1267,#1268,#1269,#1270));
#204=EDGE_LOOP('',(#1271,#1272,#1273,#1274));
#205=EDGE_LOOP('',(#1275,#1276,#1277,#1278));
#206=EDGE_LOOP('',(#1279,#1280,#1281,#1282));
#207=EDGE_LOOP('',(#1283,#1284,#1285,#1286));
#208=EDGE_LOOP('',(#1287,#1288,#1289,#1290));
#209=EDGE_LOOP('',(#1291,#1292,#1293,#1294,#1295,#1296,#1297,#1298,#1299,
#1300,#1301,#1302));
#210=EDGE_LOOP('',(#1303,#1304,#1305,#1306));
#211=EDGE_LOOP('',(#1307,#1308,#1309,#1310));
#212=EDGE_LOOP('',(#1311,#1312,#1313,#1314,#1315,#1316,#1317,#1318));
#213=EDGE_LOOP('',(#1319,#1320,#1321,#1322,#1323,#1324));
#214=EDGE_LOOP('',(#1325,#1326,#1327,#1328));
#215=EDGE_LOOP('',(#1329,#1330,#1331,#1332));
#216=EDGE_LOOP('',(#1333,#1334,#1335,#1336));
#217=EDGE_LOOP('',(#1337,#1338,#1339,#1340));
#218=EDGE_LOOP('',(#1341,#1342,#1343,#1344,#1345));
#219=EDGE_LOOP('',(#1346));
#220=EDGE_LOOP('',(#1347));
#221=EDGE_LOOP('',(#1348));
#222=EDGE_LOOP('',(#1349,#1350,#1351,#1352,#1353,#1354));
#223=EDGE_LOOP('',(#1355));
#224=EDGE_LOOP('',(#1356));
#225=EDGE_LOOP('',(#1357));
#226=EDGE_LOOP('',(#1358,#1359,#1360,#1361,#1362,#1363));
#227=EDGE_LOOP('',(#1364,#1365,#1366,#1367));
#228=EDGE_LOOP('',(#1368,#1369,#1370,#1371));
#229=EDGE_LOOP('',(#1372,#1373,#1374,#1375,#1376,#1377,#1378,#1379));
#230=EDGE_LOOP('',(#1380,#1381,#1382,#1383));
#231=EDGE_LOOP('',(#1384,#1385,#1386,#1387,#1388,#1389,#1390,#1391));
#232=EDGE_LOOP('',(#1392,#1393,#1394,#1395));
#233=EDGE_LOOP('',(#1396,#1397,#1398,#1399));
#234=EDGE_LOOP('',(#1400,#1401,#1402,#1403,#1404,#1405));
#235=EDGE_LOOP('',(#1406,#1407,#1408,#1409));
#236=EDGE_LOOP('',(#1410,#1411,#1412,#1413));
#237=EDGE_LOOP('',(#1414,#1415,#1416,#1417));
#238=EDGE_LOOP('',(#1418,#1419,#1420,#1421,#1422));
#239=EDGE_LOOP('',(#1423,#1424,#1425,#1426,#1427,#1428,#1429,#1430));
#240=EDGE_LOOP('',(#1431,#1432,#1433,#1434,#1435,#1436));
#241=EDGE_LOOP('',(#1437,#1438,#1439,#1440));
#242=EDGE_LOOP('',(#1441,#1442,#1443,#1444,#1445,#1446));
#243=EDGE_LOOP('',(#1447,#1448,#1449,#1450));
#244=EDGE_LOOP('',(#1451,#1452,#1453,#1454,#1455));
#245=EDGE_LOOP('',(#1456,#1457,#1458,#1459,#1460,#1461));
#246=EDGE_LOOP('',(#1462,#1463,#1464,#1465));
#247=EDGE_LOOP('',(#1466,#1467,#1468,#1469,#1470,#1471));
#248=EDGE_LOOP('',(#1472,#1473,#1474,#1475));
#249=EDGE_LOOP('',(#1476,#1477,#1478,#1479));
#250=EDGE_LOOP('',(#1480,#1481,#1482,#1483));
#251=EDGE_LOOP('',(#1484,#1485,#1486,#1487,#1488,#1489,#1490));
#252=EDGE_LOOP('',(#1491,#1492,#1493,#1494,#1495,#1496,#1497,#1498));
#253=EDGE_LOOP('',(#1499,#1500,#1501,#1502));
#254=EDGE_LOOP('',(#1503,#1504,#1505,#1506,#1507,#1508,#1509));
#255=EDGE_LOOP('',(#1510,#1511,#1512,#1513));
#256=EDGE_LOOP('',(#1514,#1515,#1516));
#257=EDGE_LOOP('',(#1517,#1518,#1519,#1520));
#258=EDGE_LOOP('',(#1521,#1522,#1523,#1524));
#259=EDGE_LOOP('',(#1525,#1526,#1527,#1528));
#260=EDGE_LOOP('',(#1529,#1530,#1531,#1532,#1533,#1534,#1535,#1536,#1537,
#1538,#1539,#1540));
#261=EDGE_LOOP('',(#1541));
#262=EDGE_LOOP('',(#1542));
#263=EDGE_LOOP('',(#1543,#1544,#1545,#1546));
#264=EDGE_LOOP('',(#1547,#1548,#1549,#1550));
#265=EDGE_LOOP('',(#1551,#1552,#1553,#1554));
#266=EDGE_LOOP('',(#1555));
#267=EDGE_LOOP('',(#1556,#1557,#1558,#1559));
#268=EDGE_LOOP('',(#1560));
#269=EDGE_LOOP('',(#1561,#1562,#1563,#1564));
#270=EDGE_LOOP('',(#1565,#1566,#1567,#1568,#1569));
#271=EDGE_LOOP('',(#1570,#1571,#1572,#1573));
#272=EDGE_LOOP('',(#1574,#1575,#1576,#1577,#1578,#1579,#1580,#1581));
#273=EDGE_LOOP('',(#1582,#1583,#1584,#1585));
#274=EDGE_LOOP('',(#1586,#1587,#1588,#1589));
#275=EDGE_LOOP('',(#1590,#1591,#1592,#1593,#1594,#1595));
#276=EDGE_LOOP('',(#1596,#1597,#1598,#1599));
#277=EDGE_LOOP('',(#1600,#1601,#1602,#1603));
#278=EDGE_LOOP('',(#1604,#1605,#1606,#1607,#1608,#1609,#1610,#1611));
#279=EDGE_LOOP('',(#1612,#1613,#1614,#1615));
#280=EDGE_LOOP('',(#1616,#1617,#1618,#1619,#1620,#1621));
#281=EDGE_LOOP('',(#1622,#1623,#1624,#1625));
#282=EDGE_LOOP('',(#1626,#1627,#1628,#1629,#1630,#1631,#1632,#1633));
#283=EDGE_LOOP('',(#1634,#1635,#1636,#1637,#1638,#1639));
#284=EDGE_LOOP('',(#1640,#1641,#1642,#1643,#1644,#1645));
#285=LINE('',#2476,#513);
#286=LINE('',#2478,#514);
#287=LINE('',#2480,#515);
#288=LINE('',#2482,#516);
#289=LINE('',#2483,#517);
#290=LINE('',#2487,#518);
#291=LINE('',#2489,#519);
#292=LINE('',#2491,#520);
#293=LINE('',#2492,#521);
#294=LINE('',#2495,#522);
#295=LINE('',#2497,#523);
#296=LINE('',#2499,#524);
#297=LINE('',#2501,#525);
#298=LINE('',#2503,#526);
#299=LINE('',#2505,#527);
#300=LINE('',#2507,#528);
#301=LINE('',#2508,#529);
#302=LINE('',#2511,#530);
#303=LINE('',#2512,#531);
#304=LINE('',#2515,#532);
#305=LINE('',#2517,#533);
#306=LINE('',#2519,#534);
#307=LINE('',#2520,#535);
#308=LINE('',#2523,#536);
#309=LINE('',#2525,#537);
#310=LINE('',#2527,#538);
#311=LINE('',#2528,#539);
#312=LINE('',#2530,#540);
#313=LINE('',#2531,#541);
#314=LINE('',#2534,#542);
#315=LINE('',#2536,#543);
#316=LINE('',#2537,#544);
#317=LINE('',#2539,#545);
#318=LINE('',#2541,#546);
#319=LINE('',#2543,#547);
#320=LINE('',#2544,#548);
#321=LINE('',#2548,#549);
#322=LINE('',#2550,#550);
#323=LINE('',#2552,#551);
#324=LINE('',#2553,#552);
#325=LINE('',#2556,#553);
#326=LINE('',#2558,#554);
#327=LINE('',#2559,#555);
#328=LINE('',#2562,#556);
#329=LINE('',#2564,#557);
#330=LINE('',#2565,#558);
#331=LINE('',#2568,#559);
#332=LINE('',#2570,#560);
#333=LINE('',#2571,#561);
#334=LINE('',#2573,#562);
#335=LINE('',#2574,#563);
#336=LINE('',#2579,#564);
#337=LINE('',#2581,#565);
#338=LINE('',#2583,#566);
#339=LINE('',#2584,#567);
#340=LINE('',#2587,#568);
#341=LINE('',#2589,#569);
#342=LINE('',#2590,#570);
#343=LINE('',#2593,#571);
#344=LINE('',#2595,#572);
#345=LINE('',#2597,#573);
#346=LINE('',#2598,#574);
#347=LINE('',#2601,#575);
#348=LINE('',#2603,#576);
#349=LINE('',#2604,#577);
#350=LINE('',#2606,#578);
#351=LINE('',#2607,#579);
#352=LINE('',#2610,#580);
#353=LINE('',#2611,#581);
#354=LINE('',#2614,#582);
#355=LINE('',#2616,#583);
#356=LINE('',#2618,#584);
#357=LINE('',#2619,#585);
#358=LINE('',#2622,#586);
#359=LINE('',#2624,#587);
#360=LINE('',#2626,#588);
#361=LINE('',#2628,#589);
#362=LINE('',#2630,#590);
#363=LINE('',#2631,#591);
#364=LINE('',#2636,#592);
#365=LINE('',#2642,#593);
#366=LINE('',#2648,#594);
#367=LINE('',#2652,#595);
#368=LINE('',#2654,#596);
#369=LINE('',#2655,#597);
#370=LINE('',#2658,#598);
#371=LINE('',#2659,#599);
#372=LINE('',#2662,#600);
#373=LINE('',#2663,#601);
#374=LINE('',#2666,#602);
#375=LINE('',#2667,#603);
#376=LINE('',#2669,#604);
#377=LINE('',#2670,#605);
#378=LINE('',#2671,#606);
#379=LINE('',#2672,#607);
#380=LINE('',#2676,#608);
#381=LINE('',#2677,#609);
#382=LINE('',#2678,#610);
#383=LINE('',#2680,#611);
#384=LINE('',#2683,#612);
#385=LINE('',#2686,#613);
#386=LINE('',#2693,#614);
#387=LINE('',#2695,#615);
#388=LINE('',#2697,#616);
#389=LINE('',#2698,#617);
#390=LINE('',#2702,#618);
#391=LINE('',#2704,#619);
#392=LINE('',#2706,#620);
#393=LINE('',#2707,#621);
#394=LINE('',#2710,#622);
#395=LINE('',#2712,#623);
#396=LINE('',#2714,#624);
#397=LINE('',#2716,#625);
#398=LINE('',#2717,#626);
#399=LINE('',#2718,#627);
#400=LINE('',#2721,#628);
#401=LINE('',#2722,#629);
#402=LINE('',#2725,#630);
#403=LINE('',#2727,#631);
#404=LINE('',#2729,#632);
#405=LINE('',#2730,#633);
#406=LINE('',#2731,#634);
#407=LINE('',#2733,#635);
#408=LINE('',#2737,#636);
#409=LINE('',#2739,#637);
#410=LINE('',#2741,#638);
#411=LINE('',#2742,#639);
#412=LINE('',#2744,#640);
#413=LINE('',#2746,#641);
#414=LINE('',#2747,#642);
#415=LINE('',#2750,#643);
#416=LINE('',#2752,#644);
#417=LINE('',#2753,#645);
#418=LINE('',#2755,#646);
#419=LINE('',#2757,#647);
#420=LINE('',#2760,#648);
#421=LINE('',#2762,#649);
#422=LINE('',#2764,#650);
#423=LINE('',#2765,#651);
#424=LINE('',#2768,#652);
#425=LINE('',#2769,#653);
#426=LINE('',#2770,#654);
#427=LINE('',#2773,#655);
#428=LINE('',#2774,#656);
#429=LINE('',#2777,#657);
#430=LINE('',#2778,#658);
#431=LINE('',#2780,#659);
#432=LINE('',#2786,#660);
#433=LINE('',#2788,#661);
#434=LINE('',#2790,#662);
#435=LINE('',#2792,#663);
#436=LINE('',#2794,#664);
#437=LINE('',#2795,#665);
#438=LINE('',#2798,#666);
#439=LINE('',#2800,#667);
#440=LINE('',#2801,#668);
#441=LINE('',#2804,#669);
#442=LINE('',#2806,#670);
#443=LINE('',#2808,#671);
#444=LINE('',#2810,#672);
#445=LINE('',#2811,#673);
#446=LINE('',#2814,#674);
#447=LINE('',#2816,#675);
#448=LINE('',#2817,#676);
#449=LINE('',#2820,#677);
#450=LINE('',#2822,#678);
#451=LINE('',#2823,#679);
#452=LINE('',#2825,#680);
#453=LINE('',#2829,#681);
#454=LINE('',#2831,#682);
#455=LINE('',#2834,#683);
#456=LINE('',#2836,#684);
#457=LINE('',#2837,#685);
#458=LINE('',#2841,#686);
#459=LINE('',#2843,#687);
#460=LINE('',#2845,#688);
#461=LINE('',#2847,#689);
#462=LINE('',#2849,#690);
#463=LINE('',#2851,#691);
#464=LINE('',#2853,#692);
#465=LINE('',#2854,#693);
#466=LINE('',#2859,#694);
#467=LINE('',#2860,#695);
#468=LINE('',#2864,#696);
#469=LINE('',#2866,#697);
#470=LINE('',#2868,#698);
#471=LINE('',#2869,#699);
#472=LINE('',#2878,#700);
#473=LINE('',#2882,#701);
#474=LINE('',#2884,#702);
#475=LINE('',#2885,#703);
#476=LINE('',#2892,#704);
#477=LINE('',#2897,#705);
#478=LINE('',#2902,#706);
#479=LINE('',#2906,#707);
#480=LINE('',#2909,#708);
#481=LINE('',#2915,#709);
#482=LINE('',#2917,#710);
#483=LINE('',#2919,#711);
#484=LINE('',#2920,#712);
#485=LINE('',#2923,#713);
#486=LINE('',#2925,#714);
#487=LINE('',#2926,#715);
#488=LINE('',#2930,#716);
#489=LINE('',#2932,#717);
#490=LINE('',#2934,#718);
#491=LINE('',#2936,#719);
#492=LINE('',#2938,#720);
#493=LINE('',#2939,#721);
#494=LINE('',#2943,#722);
#495=LINE('',#2944,#723);
#496=LINE('',#2945,#724);
#497=LINE('',#2949,#725);
#498=LINE('',#2950,#726);
#499=LINE('',#2951,#727);
#500=LINE('',#2954,#728);
#501=LINE('',#2955,#729);
#502=LINE('',#2956,#730);
#503=LINE('',#2957,#731);
#504=LINE('',#2959,#732);
#505=LINE('',#2962,#733);
#506=LINE('',#2963,#734);
#507=LINE('',#2964,#735);
#508=LINE('',#2968,#736);
#509=LINE('',#2969,#737);
#510=LINE('',#2970,#738);
#511=LINE('',#2972,#739);
#512=LINE('',#2974,#740);
#513=VECTOR('',#2006,1.);
#514=VECTOR('',#2007,1.);
#515=VECTOR('',#2008,1.);
#516=VECTOR('',#2009,1.);
#517=VECTOR('',#2010,1.);
#518=VECTOR('',#2013,1.);
#519=VECTOR('',#2014,1.);
#520=VECTOR('',#2015,1.);
#521=VECTOR('',#2016,1.);
#522=VECTOR('',#2019,1.);
#523=VECTOR('',#2020,1.);
#524=VECTOR('',#2021,1.);
#525=VECTOR('',#2022,1.);
#526=VECTOR('',#2023,1.);
#527=VECTOR('',#2024,1.);
#528=VECTOR('',#2025,1.);
#529=VECTOR('',#2026,1.);
#530=VECTOR('',#2029,1.);
#531=VECTOR('',#2030,1.);
#532=VECTOR('',#2033,1.);
#533=VECTOR('',#2034,1.);
#534=VECTOR('',#2035,1.);
#535=VECTOR('',#2036,1.);
#536=VECTOR('',#2039,1.);
#537=VECTOR('',#2040,1.);
#538=VECTOR('',#2041,1.);
#539=VECTOR('',#2042,1.);
#540=VECTOR('',#2043,1.);
#541=VECTOR('',#2044,1.);
#542=VECTOR('',#2047,1.);
#543=VECTOR('',#2048,1.);
#544=VECTOR('',#2049,1.);
#545=VECTOR('',#2052,1.);
#546=VECTOR('',#2053,1.);
#547=VECTOR('',#2054,1.);
#548=VECTOR('',#2055,1.);
#549=VECTOR('',#2058,1.);
#550=VECTOR('',#2059,1.);
#551=VECTOR('',#2060,1.);
#552=VECTOR('',#2061,1.);
#553=VECTOR('',#2064,1.);
#554=VECTOR('',#2065,1.);
#555=VECTOR('',#2066,1.);
#556=VECTOR('',#2069,1.);
#557=VECTOR('',#2070,1.);
#558=VECTOR('',#2071,1.);
#559=VECTOR('',#2074,1.);
#560=VECTOR('',#2075,1.);
#561=VECTOR('',#2076,1.);
#562=VECTOR('',#2079,1.);
#563=VECTOR('',#2080,1.);
#564=VECTOR('',#2085,1.);
#565=VECTOR('',#2086,1.);
#566=VECTOR('',#2087,1.);
#567=VECTOR('',#2088,1.);
#568=VECTOR('',#2091,1.);
#569=VECTOR('',#2092,1.);
#570=VECTOR('',#2093,1.);
#571=VECTOR('',#2096,1.);
#572=VECTOR('',#2097,1.);
#573=VECTOR('',#2098,1.);
#574=VECTOR('',#2099,1.);
#575=VECTOR('',#2102,1.);
#576=VECTOR('',#2103,1.);
#577=VECTOR('',#2104,1.);
#578=VECTOR('',#2105,1.);
#579=VECTOR('',#2106,1.);
#580=VECTOR('',#2109,1.);
#581=VECTOR('',#2110,1.);
#582=VECTOR('',#2113,1.);
#583=VECTOR('',#2114,1.);
#584=VECTOR('',#2115,1.);
#585=VECTOR('',#2116,1.);
#586=VECTOR('',#2119,1.);
#587=VECTOR('',#2120,1.);
#588=VECTOR('',#2121,1.);
#589=VECTOR('',#2122,1.);
#590=VECTOR('',#2123,1.);
#591=VECTOR('',#2124,1.);
#592=VECTOR('',#2129,0.120649999999999);
#593=VECTOR('',#2136,0.120649999999999);
#594=VECTOR('',#2143,0.12065);
#595=VECTOR('',#2148,1.);
#596=VECTOR('',#2149,1.);
#597=VECTOR('',#2150,1.);
#598=VECTOR('',#2153,1.);
#599=VECTOR('',#2154,1.);
#600=VECTOR('',#2157,1.);
#601=VECTOR('',#2158,1.);
#602=VECTOR('',#2161,1.);
#603=VECTOR('',#2162,1.);
#604=VECTOR('',#2163,1.);
#605=VECTOR('',#2164,1.);
#606=VECTOR('',#2165,1.);
#607=VECTOR('',#2166,1.);
#608=VECTOR('',#2171,1.);
#609=VECTOR('',#2172,1.);
#610=VECTOR('',#2173,1.);
#611=VECTOR('',#2176,1.);
#612=VECTOR('',#2181,1.);
#613=VECTOR('',#2186,1.);
#614=VECTOR('',#2195,1.);
#615=VECTOR('',#2196,1.);
#616=VECTOR('',#2197,1.);
#617=VECTOR('',#2198,1.);
#618=VECTOR('',#2201,1.);
#619=VECTOR('',#2202,1.);
#620=VECTOR('',#2203,1.);
#621=VECTOR('',#2204,1.);
#622=VECTOR('',#2207,1.);
#623=VECTOR('',#2208,1.);
#624=VECTOR('',#2209,1.);
#625=VECTOR('',#2210,1.);
#626=VECTOR('',#2211,1.);
#627=VECTOR('',#2212,1.);
#628=VECTOR('',#2215,1.);
#629=VECTOR('',#2216,1.);
#630=VECTOR('',#2219,1.);
#631=VECTOR('',#2220,1.);
#632=VECTOR('',#2221,1.);
#633=VECTOR('',#2222,1.);
#634=VECTOR('',#2223,1.);
#635=VECTOR('',#2226,1.);
#636=VECTOR('',#2229,1.);
#637=VECTOR('',#2230,1.);
#638=VECTOR('',#2231,1.);
#639=VECTOR('',#2232,1.);
#640=VECTOR('',#2233,1.);
#641=VECTOR('',#2234,1.);
#642=VECTOR('',#2235,1.);
#643=VECTOR('',#2238,1.);
#644=VECTOR('',#2239,1.);
#645=VECTOR('',#2240,1.);
#646=VECTOR('',#2243,1.);
#647=VECTOR('',#2246,1.);
#648=VECTOR('',#2249,1.);
#649=VECTOR('',#2250,1.);
#650=VECTOR('',#2251,1.);
#651=VECTOR('',#2252,1.);
#652=VECTOR('',#2255,1.);
#653=VECTOR('',#2256,1.);
#654=VECTOR('',#2257,1.);
#655=VECTOR('',#2260,1.);
#656=VECTOR('',#2261,1.);
#657=VECTOR('',#2264,1.);
#658=VECTOR('',#2265,1.);
#659=VECTOR('',#2268,1.);
#660=VECTOR('',#2275,1.);
#661=VECTOR('',#2276,1.);
#662=VECTOR('',#2277,1.);
#663=VECTOR('',#2278,1.);
#664=VECTOR('',#2279,1.);
#665=VECTOR('',#2280,1.);
#666=VECTOR('',#2283,1.);
#667=VECTOR('',#2284,1.);
#668=VECTOR('',#2285,1.);
#669=VECTOR('',#2288,1.);
#670=VECTOR('',#2289,1.);
#671=VECTOR('',#2290,1.);
#672=VECTOR('',#2291,1.);
#673=VECTOR('',#2292,1.);
#674=VECTOR('',#2295,1.);
#675=VECTOR('',#2296,1.);
#676=VECTOR('',#2297,1.);
#677=VECTOR('',#2300,1.);
#678=VECTOR('',#2301,1.);
#679=VECTOR('',#2302,1.);
#680=VECTOR('',#2305,1.);
#681=VECTOR('',#2308,1.);
#682=VECTOR('',#2309,1.);
#683=VECTOR('',#2312,1.);
#684=VECTOR('',#2313,1.);
#685=VECTOR('',#2314,1.);
#686=VECTOR('',#2317,1.);
#687=VECTOR('',#2318,1.);
#688=VECTOR('',#2319,1.);
#689=VECTOR('',#2320,1.);
#690=VECTOR('',#2321,1.);
#691=VECTOR('',#2322,1.);
#692=VECTOR('',#2323,1.);
#693=VECTOR('',#2324,1.);
#694=VECTOR('',#2333,1.);
#695=VECTOR('',#2334,1.);
#696=VECTOR('',#2337,1.);
#697=VECTOR('',#2338,1.);
#698=VECTOR('',#2339,1.);
#699=VECTOR('',#2340,1.);
#700=VECTOR('',#2355,1.);
#701=VECTOR('',#2360,1.);
#702=VECTOR('',#2363,1.);
#703=VECTOR('',#2364,1.);
#704=VECTOR('',#2373,1.);
#705=VECTOR('',#2380,0.085);
#706=VECTOR('',#2387,0.085);
#707=VECTOR('',#2394,1.);
#708=VECTOR('',#2399,1.);
#709=VECTOR('',#2406,1.);
#710=VECTOR('',#2407,1.);
#711=VECTOR('',#2408,1.);
#712=VECTOR('',#2409,1.);
#713=VECTOR('',#2412,1.);
#714=VECTOR('',#2413,1.);
#715=VECTOR('',#2414,1.);
#716=VECTOR('',#2417,1.);
#717=VECTOR('',#2418,1.);
#718=VECTOR('',#2419,1.);
#719=VECTOR('',#2420,1.);
#720=VECTOR('',#2421,1.);
#721=VECTOR('',#2422,1.);
#722=VECTOR('',#2425,1.);
#723=VECTOR('',#2426,1.);
#724=VECTOR('',#2427,1.);
#725=VECTOR('',#2430,1.);
#726=VECTOR('',#2431,1.);
#727=VECTOR('',#2432,1.);
#728=VECTOR('',#2435,1.);
#729=VECTOR('',#2436,1.);
#730=VECTOR('',#2437,1.);
#731=VECTOR('',#2438,1.);
#732=VECTOR('',#2441,1.);
#733=VECTOR('',#2444,1.);
#734=VECTOR('',#2445,1.);
#735=VECTOR('',#2446,1.);
#736=VECTOR('',#2449,1.);
#737=VECTOR('',#2450,1.);
#738=VECTOR('',#2451,1.);
#739=VECTOR('',#2454,1.);
#740=VECTOR('',#2457,1.);
#741=VERTEX_POINT('',#2474);
#742=VERTEX_POINT('',#2475);
#743=VERTEX_POINT('',#2477);
#744=VERTEX_POINT('',#2479);
#745=VERTEX_POINT('',#2481);
#746=VERTEX_POINT('',#2485);
#747=VERTEX_POINT('',#2486);
#748=VERTEX_POINT('',#2488);
#749=VERTEX_POINT('',#2490);
#750=VERTEX_POINT('',#2494);
#751=VERTEX_POINT('',#2496);
#752=VERTEX_POINT('',#2498);
#753=VERTEX_POINT('',#2500);
#754=VERTEX_POINT('',#2502);
#755=VERTEX_POINT('',#2504);
#756=VERTEX_POINT('',#2506);
#757=VERTEX_POINT('',#2510);
#758=VERTEX_POINT('',#2514);
#759=VERTEX_POINT('',#2516);
#760=VERTEX_POINT('',#2518);
#761=VERTEX_POINT('',#2522);
#762=VERTEX_POINT('',#2524);
#763=VERTEX_POINT('',#2526);
#764=VERTEX_POINT('',#2529);
#765=VERTEX_POINT('',#2533);
#766=VERTEX_POINT('',#2535);
#767=VERTEX_POINT('',#2540);
#768=VERTEX_POINT('',#2542);
#769=VERTEX_POINT('',#2546);
#770=VERTEX_POINT('',#2547);
#771=VERTEX_POINT('',#2549);
#772=VERTEX_POINT('',#2551);
#773=VERTEX_POINT('',#2555);
#774=VERTEX_POINT('',#2557);
#775=VERTEX_POINT('',#2561);
#776=VERTEX_POINT('',#2563);
#777=VERTEX_POINT('',#2567);
#778=VERTEX_POINT('',#2569);
#779=VERTEX_POINT('',#2577);
#780=VERTEX_POINT('',#2578);
#781=VERTEX_POINT('',#2580);
#782=VERTEX_POINT('',#2582);
#783=VERTEX_POINT('',#2586);
#784=VERTEX_POINT('',#2588);
#785=VERTEX_POINT('',#2592);
#786=VERTEX_POINT('',#2594);
#787=VERTEX_POINT('',#2596);
#788=VERTEX_POINT('',#2600);
#789=VERTEX_POINT('',#2602);
#790=VERTEX_POINT('',#2605);
#791=VERTEX_POINT('',#2609);
#792=VERTEX_POINT('',#2613);
#793=VERTEX_POINT('',#2615);
#794=VERTEX_POINT('',#2617);
#795=VERTEX_POINT('',#2621);
#796=VERTEX_POINT('',#2623);
#797=VERTEX_POINT('',#2625);
#798=VERTEX_POINT('',#2627);
#799=VERTEX_POINT('',#2629);
#800=VERTEX_POINT('',#2633);
#801=VERTEX_POINT('',#2635);
#802=VERTEX_POINT('',#2639);
#803=VERTEX_POINT('',#2641);
#804=VERTEX_POINT('',#2645);
#805=VERTEX_POINT('',#2647);
#806=VERTEX_POINT('',#2651);
#807=VERTEX_POINT('',#2653);
#808=VERTEX_POINT('',#2657);
#809=VERTEX_POINT('',#2661);
#810=VERTEX_POINT('',#2665);
#811=VERTEX_POINT('',#2668);
#812=VERTEX_POINT('',#2675);
#813=VERTEX_POINT('',#2691);
#814=VERTEX_POINT('',#2692);
#815=VERTEX_POINT('',#2694);
#816=VERTEX_POINT('',#2696);
#817=VERTEX_POINT('',#2700);
#818=VERTEX_POINT('',#2701);
#819=VERTEX_POINT('',#2703);
#820=VERTEX_POINT('',#2705);
#821=VERTEX_POINT('',#2709);
#822=VERTEX_POINT('',#2711);
#823=VERTEX_POINT('',#2713);
#824=VERTEX_POINT('',#2715);
#825=VERTEX_POINT('',#2720);
#826=VERTEX_POINT('',#2724);
#827=VERTEX_POINT('',#2726);
#828=VERTEX_POINT('',#2728);
#829=VERTEX_POINT('',#2735);
#830=VERTEX_POINT('',#2736);
#831=VERTEX_POINT('',#2738);
#832=VERTEX_POINT('',#2740);
#833=VERTEX_POINT('',#2743);
#834=VERTEX_POINT('',#2745);
#835=VERTEX_POINT('',#2749);
#836=VERTEX_POINT('',#2751);
#837=VERTEX_POINT('',#2759);
#838=VERTEX_POINT('',#2761);
#839=VERTEX_POINT('',#2763);
#840=VERTEX_POINT('',#2767);
#841=VERTEX_POINT('',#2772);
#842=VERTEX_POINT('',#2776);
#843=VERTEX_POINT('',#2784);
#844=VERTEX_POINT('',#2785);
#845=VERTEX_POINT('',#2787);
#846=VERTEX_POINT('',#2789);
#847=VERTEX_POINT('',#2791);
#848=VERTEX_POINT('',#2793);
#849=VERTEX_POINT('',#2797);
#850=VERTEX_POINT('',#2799);
#851=VERTEX_POINT('',#2803);
#852=VERTEX_POINT('',#2805);
#853=VERTEX_POINT('',#2807);
#854=VERTEX_POINT('',#2809);
#855=VERTEX_POINT('',#2813);
#856=VERTEX_POINT('',#2815);
#857=VERTEX_POINT('',#2819);
#858=VERTEX_POINT('',#2821);
#859=VERTEX_POINT('',#2827);
#860=VERTEX_POINT('',#2828);
#861=VERTEX_POINT('',#2830);
#862=VERTEX_POINT('',#2833);
#863=VERTEX_POINT('',#2835);
#864=VERTEX_POINT('',#2839);
#865=VERTEX_POINT('',#2840);
#866=VERTEX_POINT('',#2842);
#867=VERTEX_POINT('',#2844);
#868=VERTEX_POINT('',#2846);
#869=VERTEX_POINT('',#2848);
#870=VERTEX_POINT('',#2850);
#871=VERTEX_POINT('',#2852);
#872=VERTEX_POINT('',#2862);
#873=VERTEX_POINT('',#2863);
#874=VERTEX_POINT('',#2865);
#875=VERTEX_POINT('',#2867);
#876=VERTEX_POINT('',#2871);
#877=VERTEX_POINT('',#2880);
#878=VERTEX_POINT('',#2887);
#879=VERTEX_POINT('',#2889);
#880=VERTEX_POINT('',#2896);
#881=VERTEX_POINT('',#2901);
#882=VERTEX_POINT('',#2913);
#883=VERTEX_POINT('',#2914);
#884=VERTEX_POINT('',#2916);
#885=VERTEX_POINT('',#2918);
#886=VERTEX_POINT('',#2922);
#887=VERTEX_POINT('',#2924);
#888=VERTEX_POINT('',#2928);
#889=VERTEX_POINT('',#2929);
#890=VERTEX_POINT('',#2931);
#891=VERTEX_POINT('',#2933);
#892=VERTEX_POINT('',#2935);
#893=VERTEX_POINT('',#2937);
#894=VERTEX_POINT('',#2941);
#895=VERTEX_POINT('',#2942);
#896=VERTEX_POINT('',#2947);
#897=VERTEX_POINT('',#2948);
#898=VERTEX_POINT('',#2953);
#899=VERTEX_POINT('',#2961);
#900=VERTEX_POINT('',#2966);
#901=VERTEX_POINT('',#2967);
#902=EDGE_CURVE('',#741,#742,#285,.T.);
#903=EDGE_CURVE('',#743,#741,#286,.T.);
#904=EDGE_CURVE('',#743,#744,#287,.T.);
#905=EDGE_CURVE('',#745,#744,#288,.T.);
#906=EDGE_CURVE('',#742,#745,#289,.T.);
#907=EDGE_CURVE('',#746,#747,#290,.T.);
#908=EDGE_CURVE('',#748,#747,#291,.T.);
#909=EDGE_CURVE('',#748,#749,#292,.T.);
#910=EDGE_CURVE('',#749,#746,#293,.T.);
#911=EDGE_CURVE('',#742,#750,#294,.T.);
#912=EDGE_CURVE('',#751,#750,#295,.T.);
#913=EDGE_CURVE('',#751,#752,#296,.T.);
#914=EDGE_CURVE('',#752,#753,#297,.T.);
#915=EDGE_CURVE('',#754,#753,#298,.T.);
#916=EDGE_CURVE('',#754,#755,#299,.T.);
#917=EDGE_CURVE('',#756,#755,#300,.T.);
#918=EDGE_CURVE('',#741,#756,#301,.T.);
#919=EDGE_CURVE('',#745,#757,#302,.F.);
#920=EDGE_CURVE('',#757,#750,#303,.T.);
#921=EDGE_CURVE('',#744,#758,#304,.T.);
#922=EDGE_CURVE('',#758,#759,#305,.T.);
#923=EDGE_CURVE('',#760,#759,#306,.F.);
#924=EDGE_CURVE('',#751,#760,#307,.T.);
#925=EDGE_CURVE('',#758,#761,#308,.T.);
#926=EDGE_CURVE('',#762,#761,#309,.T.);
#927=EDGE_CURVE('',#763,#762,#310,.T.);
#928=EDGE_CURVE('',#763,#754,#311,.T.);
#929=EDGE_CURVE('',#753,#764,#312,.T.);
#930=EDGE_CURVE('',#759,#764,#313,.T.);
#931=EDGE_CURVE('',#765,#763,#314,.T.);
#932=EDGE_CURVE('',#766,#762,#315,.T.);
#933=EDGE_CURVE('',#765,#766,#316,.T.);
#934=EDGE_CURVE('',#746,#765,#317,.T.);
#935=EDGE_CURVE('',#767,#766,#318,.T.);
#936=EDGE_CURVE('',#768,#767,#319,.F.);
#937=EDGE_CURVE('',#747,#768,#320,.T.);
#938=EDGE_CURVE('',#769,#770,#321,.T.);
#939=EDGE_CURVE('',#769,#771,#322,.T.);
#940=EDGE_CURVE('',#771,#772,#323,.T.);
#941=EDGE_CURVE('',#770,#772,#324,.T.);
#942=EDGE_CURVE('',#773,#769,#325,.T.);
#943=EDGE_CURVE('',#773,#774,#326,.T.);
#944=EDGE_CURVE('',#774,#771,#327,.T.);
#945=EDGE_CURVE('',#775,#773,#328,.T.);
#946=EDGE_CURVE('',#775,#776,#329,.T.);
#947=EDGE_CURVE('',#776,#774,#330,.T.);
#948=EDGE_CURVE('',#777,#775,#331,.T.);
#949=EDGE_CURVE('',#777,#778,#332,.T.);
#950=EDGE_CURVE('',#778,#776,#333,.T.);
#951=EDGE_CURVE('',#770,#777,#334,.T.);
#952=EDGE_CURVE('',#772,#778,#335,.T.);
#953=EDGE_CURVE('',#779,#780,#336,.T.);
#954=EDGE_CURVE('',#781,#779,#337,.T.);
#955=EDGE_CURVE('',#782,#781,#338,.T.);
#956=EDGE_CURVE('',#780,#782,#339,.T.);
#957=EDGE_CURVE('',#780,#783,#340,.T.);
#958=EDGE_CURVE('',#784,#782,#341,.T.);
#959=EDGE_CURVE('',#783,#784,#342,.T.);
#960=EDGE_CURVE('',#785,#781,#343,.T.);
#961=EDGE_CURVE('',#786,#785,#344,.T.);
#962=EDGE_CURVE('',#787,#786,#345,.T.);
#963=EDGE_CURVE('',#787,#784,#346,.T.);
#964=EDGE_CURVE('',#788,#749,#347,.T.);
#965=EDGE_CURVE('',#789,#788,#348,.T.);
#966=EDGE_CURVE('',#783,#789,#349,.T.);
#967=EDGE_CURVE('',#790,#787,#350,.T.);
#968=EDGE_CURVE('',#755,#790,#351,.T.);
#969=EDGE_CURVE('',#791,#786,#352,.T.);
#970=EDGE_CURVE('',#790,#791,#353,.T.);
#971=EDGE_CURVE('',#748,#792,#354,.T.);
#972=EDGE_CURVE('',#792,#793,#355,.T.);
#973=EDGE_CURVE('',#794,#793,#356,.T.);
#974=EDGE_CURVE('',#788,#794,#357,.T.);
#975=EDGE_CURVE('',#779,#795,#358,.T.);
#976=EDGE_CURVE('',#796,#795,#359,.T.);
#977=EDGE_CURVE('',#796,#797,#360,.T.);
#978=EDGE_CURVE('',#797,#798,#361,.T.);
#979=EDGE_CURVE('',#798,#799,#362,.T.);
#980=EDGE_CURVE('',#785,#799,#363,.T.);
#981=EDGE_CURVE('',#800,#800,#62,.T.);
#982=EDGE_CURVE('',#800,#801,#364,.T.);
#983=EDGE_CURVE('',#801,#801,#63,.T.);
#984=EDGE_CURVE('',#802,#802,#64,.T.);
#985=EDGE_CURVE('',#802,#803,#365,.T.);
#986=EDGE_CURVE('',#803,#803,#65,.T.);
#987=EDGE_CURVE('',#804,#804,#66,.T.);
#988=EDGE_CURVE('',#804,#805,#366,.T.);
#989=EDGE_CURVE('',#805,#805,#67,.T.);
#990=EDGE_CURVE('',#806,#797,#367,.T.);
#991=EDGE_CURVE('',#807,#806,#368,.T.);
#992=EDGE_CURVE('',#798,#807,#369,.T.);
#993=EDGE_CURVE('',#807,#808,#370,.T.);
#994=EDGE_CURVE('',#799,#808,#371,.T.);
#995=EDGE_CURVE('',#806,#809,#372,.T.);
#996=EDGE_CURVE('',#808,#809,#373,.T.);
#997=EDGE_CURVE('',#810,#791,#374,.T.);
#998=EDGE_CURVE('',#809,#796,#375,.T.);
#999=EDGE_CURVE('',#795,#811,#376,.T.);
#1000=EDGE_CURVE('',#811,#794,#377,.T.);
#1001=EDGE_CURVE('',#793,#810,#378,.T.);
#1002=EDGE_CURVE('',#761,#767,#379,.T.);
#1003=EDGE_CURVE('',#756,#812,#380,.T.);
#1004=EDGE_CURVE('',#792,#812,#381,.T.);
#1005=EDGE_CURVE('',#768,#743,#382,.T.);
#1006=EDGE_CURVE('',#789,#811,#383,.T.);
#1007=EDGE_CURVE('',#752,#759,#384,.T.);
#1008=EDGE_CURVE('',#812,#810,#385,.T.);
#1009=EDGE_CURVE('',#813,#814,#386,.T.);
#1010=EDGE_CURVE('',#815,#813,#387,.T.);
#1011=EDGE_CURVE('',#816,#815,#388,.T.);
#1012=EDGE_CURVE('',#816,#814,#389,.T.);
#1013=EDGE_CURVE('',#817,#818,#390,.T.);
#1014=EDGE_CURVE('',#819,#817,#391,.T.);
#1015=EDGE_CURVE('',#820,#819,#392,.T.);
#1016=EDGE_CURVE('',#820,#818,#393,.T.);
#1017=EDGE_CURVE('',#813,#821,#394,.T.);
#1018=EDGE_CURVE('',#822,#821,#395,.T.);
#1019=EDGE_CURVE('',#822,#823,#396,.T.);
#1020=EDGE_CURVE('',#824,#823,#397,.T.);
#1021=EDGE_CURVE('',#824,#818,#398,.T.);
#1022=EDGE_CURVE('',#815,#820,#399,.T.);
#1023=EDGE_CURVE('',#825,#814,#400,.T.);
#1024=EDGE_CURVE('',#821,#825,#401,.T.);
#1025=EDGE_CURVE('',#817,#826,#402,.T.);
#1026=EDGE_CURVE('',#827,#826,#403,.T.);
#1027=EDGE_CURVE('',#827,#828,#404,.T.);
#1028=EDGE_CURVE('',#825,#828,#405,.T.);
#1029=EDGE_CURVE('',#819,#816,#406,.T.);
#1030=EDGE_CURVE('',#826,#824,#407,.T.);
#1031=EDGE_CURVE('',#829,#830,#408,.T.);
#1032=EDGE_CURVE('',#829,#831,#409,.T.);
#1033=EDGE_CURVE('',#832,#831,#410,.T.);
#1034=EDGE_CURVE('',#830,#832,#411,.T.);
#1035=EDGE_CURVE('',#823,#833,#412,.T.);
#1036=EDGE_CURVE('',#833,#834,#413,.T.);
#1037=EDGE_CURVE('',#834,#827,#414,.T.);
#1038=EDGE_CURVE('',#834,#835,#415,.T.);
#1039=EDGE_CURVE('',#833,#836,#416,.T.);
#1040=EDGE_CURVE('',#835,#836,#417,.T.);
#1041=EDGE_CURVE('',#836,#822,#418,.T.);
#1042=EDGE_CURVE('',#828,#835,#419,.T.);
#1043=EDGE_CURVE('',#831,#837,#420,.T.);
#1044=EDGE_CURVE('',#837,#838,#421,.T.);
#1045=EDGE_CURVE('',#838,#839,#422,.T.);
#1046=EDGE_CURVE('',#839,#832,#423,.T.);
#1047=EDGE_CURVE('',#840,#816,#424,.T.);
#1048=EDGE_CURVE('',#830,#840,#425,.T.);
#1049=EDGE_CURVE('',#815,#839,#426,.T.);
#1050=EDGE_CURVE('',#840,#841,#427,.T.);
#1051=EDGE_CURVE('',#841,#838,#428,.T.);
#1052=EDGE_CURVE('',#841,#842,#429,.T.);
#1053=EDGE_CURVE('',#842,#837,#430,.T.);
#1054=EDGE_CURVE('',#842,#829,#431,.T.);
#1055=EDGE_CURVE('',#843,#844,#432,.T.);
#1056=EDGE_CURVE('',#845,#843,#433,.T.);
#1057=EDGE_CURVE('',#846,#845,#434,.T.);
#1058=EDGE_CURVE('',#847,#846,#435,.T.);
#1059=EDGE_CURVE('',#847,#848,#436,.T.);
#1060=EDGE_CURVE('',#848,#844,#437,.T.);
#1061=EDGE_CURVE('',#849,#846,#438,.T.);
#1062=EDGE_CURVE('',#850,#849,#439,.T.);
#1063=EDGE_CURVE('',#850,#847,#440,.T.);
#1064=EDGE_CURVE('',#845,#851,#441,.T.);
#1065=EDGE_CURVE('',#852,#843,#442,.T.);
#1066=EDGE_CURVE('',#852,#853,#443,.T.);
#1067=EDGE_CURVE('',#854,#853,#444,.T.);
#1068=EDGE_CURVE('',#851,#854,#445,.T.);
#1069=EDGE_CURVE('',#851,#855,#446,.T.);
#1070=EDGE_CURVE('',#856,#854,#447,.T.);
#1071=EDGE_CURVE('',#855,#856,#448,.T.);
#1072=EDGE_CURVE('',#855,#857,#449,.T.);
#1073=EDGE_CURVE('',#858,#856,#450,.T.);
#1074=EDGE_CURVE('',#857,#858,#451,.T.);
#1075=EDGE_CURVE('',#858,#853,#452,.T.);
#1076=EDGE_CURVE('',#859,#860,#453,.T.);
#1077=EDGE_CURVE('',#860,#861,#454,.T.);
#1078=EDGE_CURVE('',#844,#861,#68,.T.);
#1079=EDGE_CURVE('',#862,#848,#455,.T.);
#1080=EDGE_CURVE('',#863,#862,#456,.T.);
#1081=EDGE_CURVE('',#863,#859,#457,.T.);
#1082=EDGE_CURVE('',#864,#865,#458,.T.);
#1083=EDGE_CURVE('',#865,#866,#459,.T.);
#1084=EDGE_CURVE('',#867,#866,#460,.T.);
#1085=EDGE_CURVE('',#868,#867,#461,.T.);
#1086=EDGE_CURVE('',#869,#868,#462,.T.);
#1087=EDGE_CURVE('',#870,#869,#463,.T.);
#1088=EDGE_CURVE('',#871,#870,#464,.T.);
#1089=EDGE_CURVE('',#864,#871,#465,.T.);
#1090=EDGE_CURVE('',#866,#845,#69,.T.);
#1091=EDGE_CURVE('',#851,#867,#32,.T.);
#1092=EDGE_CURVE('',#859,#865,#466,.T.);
#1093=EDGE_CURVE('',#863,#849,#467,.T.);
#1094=EDGE_CURVE('',#872,#873,#468,.T.);
#1095=EDGE_CURVE('',#874,#872,#469,.T.);
#1096=EDGE_CURVE('',#875,#874,#470,.T.);
#1097=EDGE_CURVE('',#873,#875,#471,.T.);
#1098=EDGE_CURVE('',#871,#876,#70,.F.);
#1099=EDGE_CURVE('',#843,#871,#71,.F.);
#1100=EDGE_CURVE('',#876,#843,#72,.F.);
#1101=EDGE_CURVE('',#870,#852,#73,.T.);
#1102=EDGE_CURVE('',#861,#876,#472,.T.);
#1103=EDGE_CURVE('',#877,#864,#74,.F.);
#1104=EDGE_CURVE('',#876,#877,#473,.T.);
#1105=EDGE_CURVE('',#869,#862,#474,.T.);
#1106=EDGE_CURVE('',#850,#874,#475,.T.);
#1107=EDGE_CURVE('',#857,#872,#75,.T.);
#1108=EDGE_CURVE('',#878,#878,#76,.T.);
#1109=EDGE_CURVE('',#879,#879,#77,.T.);
#1110=EDGE_CURVE('',#873,#867,#476,.T.);
#1111=EDGE_CURVE('',#855,#873,#33,.T.);
#1112=EDGE_CURVE('',#879,#880,#477,.T.);
#1113=EDGE_CURVE('',#880,#880,#78,.T.);
#1114=EDGE_CURVE('',#878,#881,#478,.T.);
#1115=EDGE_CURVE('',#881,#881,#79,.T.);
#1116=EDGE_CURVE('',#860,#877,#479,.T.);
#1117=EDGE_CURVE('',#875,#868,#480,.T.);
#1118=EDGE_CURVE('',#882,#883,#481,.T.);
#1119=EDGE_CURVE('',#882,#884,#482,.T.);
#1120=EDGE_CURVE('',#885,#884,#483,.T.);
#1121=EDGE_CURVE('',#883,#885,#484,.T.);
#1122=EDGE_CURVE('',#886,#884,#485,.T.);
#1123=EDGE_CURVE('',#886,#887,#486,.T.);
#1124=EDGE_CURVE('',#887,#885,#487,.T.);
#1125=EDGE_CURVE('',#888,#889,#488,.T.);
#1126=EDGE_CURVE('',#889,#890,#489,.T.);
#1127=EDGE_CURVE('',#890,#891,#490,.T.);
#1128=EDGE_CURVE('',#891,#892,#491,.T.);
#1129=EDGE_CURVE('',#893,#892,#492,.T.);
#1130=EDGE_CURVE('',#893,#888,#493,.T.);
#1131=EDGE_CURVE('',#894,#895,#494,.T.);
#1132=EDGE_CURVE('',#887,#894,#495,.T.);
#1133=EDGE_CURVE('',#886,#895,#496,.T.);
#1134=EDGE_CURVE('',#896,#897,#497,.T.);
#1135=EDGE_CURVE('',#897,#888,#498,.T.);
#1136=EDGE_CURVE('',#896,#893,#499,.T.);
#1137=EDGE_CURVE('',#898,#896,#500,.T.);
#1138=EDGE_CURVE('',#884,#892,#501,.T.);
#1139=EDGE_CURVE('',#895,#882,#502,.T.);
#1140=EDGE_CURVE('',#898,#886,#503,.T.);
#1141=EDGE_CURVE('',#894,#883,#504,.T.);
#1142=EDGE_CURVE('',#897,#899,#505,.T.);
#1143=EDGE_CURVE('',#899,#894,#506,.T.);
#1144=EDGE_CURVE('',#883,#889,#507,.T.);
#1145=EDGE_CURVE('',#900,#901,#508,.T.);
#1146=EDGE_CURVE('',#901,#891,#509,.T.);
#1147=EDGE_CURVE('',#900,#890,#510,.T.);
#1148=EDGE_CURVE('',#900,#899,#511,.T.);
#1149=EDGE_CURVE('',#901,#898,#512,.T.);
#1150=ORIENTED_EDGE('',*,*,#902,.F.);
#1151=ORIENTED_EDGE('',*,*,#903,.F.);
#1152=ORIENTED_EDGE('',*,*,#904,.T.);
#1153=ORIENTED_EDGE('',*,*,#905,.F.);
#1154=ORIENTED_EDGE('',*,*,#906,.F.);
#1155=ORIENTED_EDGE('',*,*,#907,.T.);
#1156=ORIENTED_EDGE('',*,*,#908,.F.);
#1157=ORIENTED_EDGE('',*,*,#909,.T.);
#1158=ORIENTED_EDGE('',*,*,#910,.T.);
#1159=ORIENTED_EDGE('',*,*,#902,.T.);
#1160=ORIENTED_EDGE('',*,*,#911,.T.);
#1161=ORIENTED_EDGE('',*,*,#912,.F.);
#1162=ORIENTED_EDGE('',*,*,#913,.T.);
#1163=ORIENTED_EDGE('',*,*,#914,.T.);
#1164=ORIENTED_EDGE('',*,*,#915,.F.);
#1165=ORIENTED_EDGE('',*,*,#916,.T.);
#1166=ORIENTED_EDGE('',*,*,#917,.F.);
#1167=ORIENTED_EDGE('',*,*,#918,.F.);
#1168=ORIENTED_EDGE('',*,*,#906,.T.);
#1169=ORIENTED_EDGE('',*,*,#919,.T.);
#1170=ORIENTED_EDGE('',*,*,#920,.T.);
#1171=ORIENTED_EDGE('',*,*,#911,.F.);
#1172=ORIENTED_EDGE('',*,*,#905,.T.);
#1173=ORIENTED_EDGE('',*,*,#921,.T.);
#1174=ORIENTED_EDGE('',*,*,#922,.T.);
#1175=ORIENTED_EDGE('',*,*,#923,.F.);
#1176=ORIENTED_EDGE('',*,*,#924,.F.);
#1177=ORIENTED_EDGE('',*,*,#912,.T.);
#1178=ORIENTED_EDGE('',*,*,#920,.F.);
#1179=ORIENTED_EDGE('',*,*,#919,.F.);
#1180=ORIENTED_EDGE('',*,*,#922,.F.);
#1181=ORIENTED_EDGE('',*,*,#925,.T.);
#1182=ORIENTED_EDGE('',*,*,#926,.F.);
#1183=ORIENTED_EDGE('',*,*,#927,.F.);
#1184=ORIENTED_EDGE('',*,*,#928,.T.);
#1185=ORIENTED_EDGE('',*,*,#915,.T.);
#1186=ORIENTED_EDGE('',*,*,#929,.T.);
#1187=ORIENTED_EDGE('',*,*,#930,.F.);
#1188=ORIENTED_EDGE('',*,*,#931,.T.);
#1189=ORIENTED_EDGE('',*,*,#927,.T.);
#1190=ORIENTED_EDGE('',*,*,#932,.F.);
#1191=ORIENTED_EDGE('',*,*,#933,.F.);
#1192=ORIENTED_EDGE('',*,*,#907,.F.);
#1193=ORIENTED_EDGE('',*,*,#934,.T.);
#1194=ORIENTED_EDGE('',*,*,#933,.T.);
#1195=ORIENTED_EDGE('',*,*,#935,.F.);
#1196=ORIENTED_EDGE('',*,*,#936,.F.);
#1197=ORIENTED_EDGE('',*,*,#937,.F.);
#1198=ORIENTED_EDGE('',*,*,#938,.F.);
#1199=ORIENTED_EDGE('',*,*,#939,.T.);
#1200=ORIENTED_EDGE('',*,*,#940,.T.);
#1201=ORIENTED_EDGE('',*,*,#941,.F.);
#1202=ORIENTED_EDGE('',*,*,#942,.F.);
#1203=ORIENTED_EDGE('',*,*,#943,.T.);
#1204=ORIENTED_EDGE('',*,*,#944,.T.);
#1205=ORIENTED_EDGE('',*,*,#939,.F.);
#1206=ORIENTED_EDGE('',*,*,#945,.F.);
#1207=ORIENTED_EDGE('',*,*,#946,.T.);
#1208=ORIENTED_EDGE('',*,*,#947,.T.);
#1209=ORIENTED_EDGE('',*,*,#943,.F.);
#1210=ORIENTED_EDGE('',*,*,#948,.F.);
#1211=ORIENTED_EDGE('',*,*,#949,.T.);
#1212=ORIENTED_EDGE('',*,*,#950,.T.);
#1213=ORIENTED_EDGE('',*,*,#946,.F.);
#1214=ORIENTED_EDGE('',*,*,#951,.F.);
#1215=ORIENTED_EDGE('',*,*,#941,.T.);
#1216=ORIENTED_EDGE('',*,*,#952,.T.);
#1217=ORIENTED_EDGE('',*,*,#949,.F.);
#1218=ORIENTED_EDGE('',*,*,#952,.F.);
#1219=ORIENTED_EDGE('',*,*,#940,.F.);
#1220=ORIENTED_EDGE('',*,*,#944,.F.);
#1221=ORIENTED_EDGE('',*,*,#947,.F.);
#1222=ORIENTED_EDGE('',*,*,#950,.F.);
#1223=ORIENTED_EDGE('',*,*,#953,.F.);
#1224=ORIENTED_EDGE('',*,*,#954,.F.);
#1225=ORIENTED_EDGE('',*,*,#955,.F.);
#1226=ORIENTED_EDGE('',*,*,#956,.F.);
#1227=ORIENTED_EDGE('',*,*,#957,.F.);
#1228=ORIENTED_EDGE('',*,*,#956,.T.);
#1229=ORIENTED_EDGE('',*,*,#958,.F.);
#1230=ORIENTED_EDGE('',*,*,#959,.F.);
#1231=ORIENTED_EDGE('',*,*,#958,.T.);
#1232=ORIENTED_EDGE('',*,*,#955,.T.);
#1233=ORIENTED_EDGE('',*,*,#960,.F.);
#1234=ORIENTED_EDGE('',*,*,#961,.F.);
#1235=ORIENTED_EDGE('',*,*,#962,.F.);
#1236=ORIENTED_EDGE('',*,*,#963,.T.);
#1237=ORIENTED_EDGE('',*,*,#910,.F.);
#1238=ORIENTED_EDGE('',*,*,#964,.F.);
#1239=ORIENTED_EDGE('',*,*,#965,.F.);
#1240=ORIENTED_EDGE('',*,*,#966,.F.);
#1241=ORIENTED_EDGE('',*,*,#959,.T.);
#1242=ORIENTED_EDGE('',*,*,#963,.F.);
#1243=ORIENTED_EDGE('',*,*,#967,.F.);
#1244=ORIENTED_EDGE('',*,*,#968,.F.);
#1245=ORIENTED_EDGE('',*,*,#916,.F.);
#1246=ORIENTED_EDGE('',*,*,#928,.F.);
#1247=ORIENTED_EDGE('',*,*,#931,.F.);
#1248=ORIENTED_EDGE('',*,*,#934,.F.);
#1249=ORIENTED_EDGE('',*,*,#967,.T.);
#1250=ORIENTED_EDGE('',*,*,#962,.T.);
#1251=ORIENTED_EDGE('',*,*,#969,.F.);
#1252=ORIENTED_EDGE('',*,*,#970,.F.);
#1253=ORIENTED_EDGE('',*,*,#964,.T.);
#1254=ORIENTED_EDGE('',*,*,#909,.F.);
#1255=ORIENTED_EDGE('',*,*,#971,.T.);
#1256=ORIENTED_EDGE('',*,*,#972,.T.);
#1257=ORIENTED_EDGE('',*,*,#973,.F.);
#1258=ORIENTED_EDGE('',*,*,#974,.F.);
#1259=ORIENTED_EDGE('',*,*,#954,.T.);
#1260=ORIENTED_EDGE('',*,*,#975,.T.);
#1261=ORIENTED_EDGE('',*,*,#976,.F.);
#1262=ORIENTED_EDGE('',*,*,#977,.T.);
#1263=ORIENTED_EDGE('',*,*,#978,.T.);
#1264=ORIENTED_EDGE('',*,*,#979,.T.);
#1265=ORIENTED_EDGE('',*,*,#980,.F.);
#1266=ORIENTED_EDGE('',*,*,#960,.T.);
#1267=ORIENTED_EDGE('',*,*,#981,.F.);
#1268=ORIENTED_EDGE('',*,*,#982,.T.);
#1269=ORIENTED_EDGE('',*,*,#983,.F.);
#1270=ORIENTED_EDGE('',*,*,#982,.F.);
#1271=ORIENTED_EDGE('',*,*,#984,.F.);
#1272=ORIENTED_EDGE('',*,*,#985,.T.);
#1273=ORIENTED_EDGE('',*,*,#986,.F.);
#1274=ORIENTED_EDGE('',*,*,#985,.F.);
#1275=ORIENTED_EDGE('',*,*,#987,.F.);
#1276=ORIENTED_EDGE('',*,*,#988,.T.);
#1277=ORIENTED_EDGE('',*,*,#989,.F.);
#1278=ORIENTED_EDGE('',*,*,#988,.F.);
#1279=ORIENTED_EDGE('',*,*,#978,.F.);
#1280=ORIENTED_EDGE('',*,*,#990,.F.);
#1281=ORIENTED_EDGE('',*,*,#991,.F.);
#1282=ORIENTED_EDGE('',*,*,#992,.F.);
#1283=ORIENTED_EDGE('',*,*,#992,.T.);
#1284=ORIENTED_EDGE('',*,*,#993,.T.);
#1285=ORIENTED_EDGE('',*,*,#994,.F.);
#1286=ORIENTED_EDGE('',*,*,#979,.F.);
#1287=ORIENTED_EDGE('',*,*,#991,.T.);
#1288=ORIENTED_EDGE('',*,*,#995,.T.);
#1289=ORIENTED_EDGE('',*,*,#996,.F.);
#1290=ORIENTED_EDGE('',*,*,#993,.F.);
#1291=ORIENTED_EDGE('',*,*,#997,.T.);
#1292=ORIENTED_EDGE('',*,*,#969,.T.);
#1293=ORIENTED_EDGE('',*,*,#961,.T.);
#1294=ORIENTED_EDGE('',*,*,#980,.T.);
#1295=ORIENTED_EDGE('',*,*,#994,.T.);
#1296=ORIENTED_EDGE('',*,*,#996,.T.);
#1297=ORIENTED_EDGE('',*,*,#998,.T.);
#1298=ORIENTED_EDGE('',*,*,#976,.T.);
#1299=ORIENTED_EDGE('',*,*,#999,.T.);
#1300=ORIENTED_EDGE('',*,*,#1000,.T.);
#1301=ORIENTED_EDGE('',*,*,#973,.T.);
#1302=ORIENTED_EDGE('',*,*,#1001,.T.);
#1303=ORIENTED_EDGE('',*,*,#935,.T.);
#1304=ORIENTED_EDGE('',*,*,#932,.T.);
#1305=ORIENTED_EDGE('',*,*,#926,.T.);
#1306=ORIENTED_EDGE('',*,*,#1002,.T.);
#1307=ORIENTED_EDGE('',*,*,#990,.T.);
#1308=ORIENTED_EDGE('',*,*,#977,.F.);
#1309=ORIENTED_EDGE('',*,*,#998,.F.);
#1310=ORIENTED_EDGE('',*,*,#995,.F.);
#1311=ORIENTED_EDGE('',*,*,#903,.T.);
#1312=ORIENTED_EDGE('',*,*,#918,.T.);
#1313=ORIENTED_EDGE('',*,*,#1003,.T.);
#1314=ORIENTED_EDGE('',*,*,#1004,.F.);
#1315=ORIENTED_EDGE('',*,*,#971,.F.);
#1316=ORIENTED_EDGE('',*,*,#908,.T.);
#1317=ORIENTED_EDGE('',*,*,#937,.T.);
#1318=ORIENTED_EDGE('',*,*,#1005,.T.);
#1319=ORIENTED_EDGE('',*,*,#957,.T.);
#1320=ORIENTED_EDGE('',*,*,#966,.T.);
#1321=ORIENTED_EDGE('',*,*,#1006,.T.);
#1322=ORIENTED_EDGE('',*,*,#999,.F.);
#1323=ORIENTED_EDGE('',*,*,#975,.F.);
#1324=ORIENTED_EDGE('',*,*,#953,.T.);
#1325=ORIENTED_EDGE('',*,*,#965,.T.);
#1326=ORIENTED_EDGE('',*,*,#974,.T.);
#1327=ORIENTED_EDGE('',*,*,#1000,.F.);
#1328=ORIENTED_EDGE('',*,*,#1006,.F.);
#1329=ORIENTED_EDGE('',*,*,#930,.T.);
#1330=ORIENTED_EDGE('',*,*,#929,.F.);
#1331=ORIENTED_EDGE('',*,*,#914,.F.);
#1332=ORIENTED_EDGE('',*,*,#1007,.T.);
#1333=ORIENTED_EDGE('',*,*,#924,.T.);
#1334=ORIENTED_EDGE('',*,*,#923,.T.);
#1335=ORIENTED_EDGE('',*,*,#1007,.F.);
#1336=ORIENTED_EDGE('',*,*,#913,.F.);
#1337=ORIENTED_EDGE('',*,*,#1004,.T.);
#1338=ORIENTED_EDGE('',*,*,#1008,.T.);
#1339=ORIENTED_EDGE('',*,*,#1001,.F.);
#1340=ORIENTED_EDGE('',*,*,#972,.F.);
#1341=ORIENTED_EDGE('',*,*,#938,.T.);
#1342=ORIENTED_EDGE('',*,*,#951,.T.);
#1343=ORIENTED_EDGE('',*,*,#948,.T.);
#1344=ORIENTED_EDGE('',*,*,#945,.T.);
#1345=ORIENTED_EDGE('',*,*,#942,.T.);
#1346=ORIENTED_EDGE('',*,*,#981,.T.);
#1347=ORIENTED_EDGE('',*,*,#984,.T.);
#1348=ORIENTED_EDGE('',*,*,#987,.T.);
#1349=ORIENTED_EDGE('',*,*,#936,.T.);
#1350=ORIENTED_EDGE('',*,*,#1002,.F.);
#1351=ORIENTED_EDGE('',*,*,#925,.F.);
#1352=ORIENTED_EDGE('',*,*,#921,.F.);
#1353=ORIENTED_EDGE('',*,*,#904,.F.);
#1354=ORIENTED_EDGE('',*,*,#1005,.F.);
#1355=ORIENTED_EDGE('',*,*,#983,.T.);
#1356=ORIENTED_EDGE('',*,*,#986,.T.);
#1357=ORIENTED_EDGE('',*,*,#989,.T.);
#1358=ORIENTED_EDGE('',*,*,#968,.T.);
#1359=ORIENTED_EDGE('',*,*,#970,.T.);
#1360=ORIENTED_EDGE('',*,*,#997,.F.);
#1361=ORIENTED_EDGE('',*,*,#1008,.F.);
#1362=ORIENTED_EDGE('',*,*,#1003,.F.);
#1363=ORIENTED_EDGE('',*,*,#917,.T.);
#1364=ORIENTED_EDGE('',*,*,#1009,.F.);
#1365=ORIENTED_EDGE('',*,*,#1010,.F.);
#1366=ORIENTED_EDGE('',*,*,#1011,.F.);
#1367=ORIENTED_EDGE('',*,*,#1012,.T.);
#1368=ORIENTED_EDGE('',*,*,#1013,.F.);
#1369=ORIENTED_EDGE('',*,*,#1014,.F.);
#1370=ORIENTED_EDGE('',*,*,#1015,.F.);
#1371=ORIENTED_EDGE('',*,*,#1016,.T.);
#1372=ORIENTED_EDGE('',*,*,#1017,.T.);
#1373=ORIENTED_EDGE('',*,*,#1018,.F.);
#1374=ORIENTED_EDGE('',*,*,#1019,.T.);
#1375=ORIENTED_EDGE('',*,*,#1020,.F.);
#1376=ORIENTED_EDGE('',*,*,#1021,.T.);
#1377=ORIENTED_EDGE('',*,*,#1016,.F.);
#1378=ORIENTED_EDGE('',*,*,#1022,.F.);
#1379=ORIENTED_EDGE('',*,*,#1010,.T.);
#1380=ORIENTED_EDGE('',*,*,#1009,.T.);
#1381=ORIENTED_EDGE('',*,*,#1023,.F.);
#1382=ORIENTED_EDGE('',*,*,#1024,.F.);
#1383=ORIENTED_EDGE('',*,*,#1017,.F.);
#1384=ORIENTED_EDGE('',*,*,#1025,.T.);
#1385=ORIENTED_EDGE('',*,*,#1026,.F.);
#1386=ORIENTED_EDGE('',*,*,#1027,.T.);
#1387=ORIENTED_EDGE('',*,*,#1028,.F.);
#1388=ORIENTED_EDGE('',*,*,#1023,.T.);
#1389=ORIENTED_EDGE('',*,*,#1012,.F.);
#1390=ORIENTED_EDGE('',*,*,#1029,.F.);
#1391=ORIENTED_EDGE('',*,*,#1014,.T.);
#1392=ORIENTED_EDGE('',*,*,#1013,.T.);
#1393=ORIENTED_EDGE('',*,*,#1021,.F.);
#1394=ORIENTED_EDGE('',*,*,#1030,.F.);
#1395=ORIENTED_EDGE('',*,*,#1025,.F.);
#1396=ORIENTED_EDGE('',*,*,#1031,.F.);
#1397=ORIENTED_EDGE('',*,*,#1032,.T.);
#1398=ORIENTED_EDGE('',*,*,#1033,.F.);
#1399=ORIENTED_EDGE('',*,*,#1034,.F.);
#1400=ORIENTED_EDGE('',*,*,#1026,.T.);
#1401=ORIENTED_EDGE('',*,*,#1030,.T.);
#1402=ORIENTED_EDGE('',*,*,#1020,.T.);
#1403=ORIENTED_EDGE('',*,*,#1035,.T.);
#1404=ORIENTED_EDGE('',*,*,#1036,.T.);
#1405=ORIENTED_EDGE('',*,*,#1037,.T.);
#1406=ORIENTED_EDGE('',*,*,#1038,.F.);
#1407=ORIENTED_EDGE('',*,*,#1036,.F.);
#1408=ORIENTED_EDGE('',*,*,#1039,.T.);
#1409=ORIENTED_EDGE('',*,*,#1040,.F.);
#1410=ORIENTED_EDGE('',*,*,#1041,.F.);
#1411=ORIENTED_EDGE('',*,*,#1039,.F.);
#1412=ORIENTED_EDGE('',*,*,#1035,.F.);
#1413=ORIENTED_EDGE('',*,*,#1019,.F.);
#1414=ORIENTED_EDGE('',*,*,#1042,.F.);
#1415=ORIENTED_EDGE('',*,*,#1027,.F.);
#1416=ORIENTED_EDGE('',*,*,#1037,.F.);
#1417=ORIENTED_EDGE('',*,*,#1038,.T.);
#1418=ORIENTED_EDGE('',*,*,#1033,.T.);
#1419=ORIENTED_EDGE('',*,*,#1043,.T.);
#1420=ORIENTED_EDGE('',*,*,#1044,.T.);
#1421=ORIENTED_EDGE('',*,*,#1045,.T.);
#1422=ORIENTED_EDGE('',*,*,#1046,.T.);
#1423=ORIENTED_EDGE('',*,*,#1029,.T.);
#1424=ORIENTED_EDGE('',*,*,#1047,.F.);
#1425=ORIENTED_EDGE('',*,*,#1048,.F.);
#1426=ORIENTED_EDGE('',*,*,#1034,.T.);
#1427=ORIENTED_EDGE('',*,*,#1046,.F.);
#1428=ORIENTED_EDGE('',*,*,#1049,.F.);
#1429=ORIENTED_EDGE('',*,*,#1022,.T.);
#1430=ORIENTED_EDGE('',*,*,#1015,.T.);
#1431=ORIENTED_EDGE('',*,*,#1050,.F.);
#1432=ORIENTED_EDGE('',*,*,#1047,.T.);
#1433=ORIENTED_EDGE('',*,*,#1011,.T.);
#1434=ORIENTED_EDGE('',*,*,#1049,.T.);
#1435=ORIENTED_EDGE('',*,*,#1045,.F.);
#1436=ORIENTED_EDGE('',*,*,#1051,.F.);
#1437=ORIENTED_EDGE('',*,*,#1052,.F.);
#1438=ORIENTED_EDGE('',*,*,#1051,.T.);
#1439=ORIENTED_EDGE('',*,*,#1044,.F.);
#1440=ORIENTED_EDGE('',*,*,#1053,.F.);
#1441=ORIENTED_EDGE('',*,*,#1028,.T.);
#1442=ORIENTED_EDGE('',*,*,#1042,.T.);
#1443=ORIENTED_EDGE('',*,*,#1040,.T.);
#1444=ORIENTED_EDGE('',*,*,#1041,.T.);
#1445=ORIENTED_EDGE('',*,*,#1018,.T.);
#1446=ORIENTED_EDGE('',*,*,#1024,.T.);
#1447=ORIENTED_EDGE('',*,*,#1054,.F.);
#1448=ORIENTED_EDGE('',*,*,#1053,.T.);
#1449=ORIENTED_EDGE('',*,*,#1043,.F.);
#1450=ORIENTED_EDGE('',*,*,#1032,.F.);
#1451=ORIENTED_EDGE('',*,*,#1031,.T.);
#1452=ORIENTED_EDGE('',*,*,#1048,.T.);
#1453=ORIENTED_EDGE('',*,*,#1050,.T.);
#1454=ORIENTED_EDGE('',*,*,#1052,.T.);
#1455=ORIENTED_EDGE('',*,*,#1054,.T.);
#1456=ORIENTED_EDGE('',*,*,#1055,.F.);
#1457=ORIENTED_EDGE('',*,*,#1056,.F.);
#1458=ORIENTED_EDGE('',*,*,#1057,.F.);
#1459=ORIENTED_EDGE('',*,*,#1058,.F.);
#1460=ORIENTED_EDGE('',*,*,#1059,.T.);
#1461=ORIENTED_EDGE('',*,*,#1060,.T.);
#1462=ORIENTED_EDGE('',*,*,#1058,.T.);
#1463=ORIENTED_EDGE('',*,*,#1061,.F.);
#1464=ORIENTED_EDGE('',*,*,#1062,.F.);
#1465=ORIENTED_EDGE('',*,*,#1063,.T.);
#1466=ORIENTED_EDGE('',*,*,#1064,.F.);
#1467=ORIENTED_EDGE('',*,*,#1056,.T.);
#1468=ORIENTED_EDGE('',*,*,#1065,.F.);
#1469=ORIENTED_EDGE('',*,*,#1066,.T.);
#1470=ORIENTED_EDGE('',*,*,#1067,.F.);
#1471=ORIENTED_EDGE('',*,*,#1068,.F.);
#1472=ORIENTED_EDGE('',*,*,#1069,.F.);
#1473=ORIENTED_EDGE('',*,*,#1068,.T.);
#1474=ORIENTED_EDGE('',*,*,#1070,.F.);
#1475=ORIENTED_EDGE('',*,*,#1071,.F.);
#1476=ORIENTED_EDGE('',*,*,#1072,.F.);
#1477=ORIENTED_EDGE('',*,*,#1071,.T.);
#1478=ORIENTED_EDGE('',*,*,#1073,.F.);
#1479=ORIENTED_EDGE('',*,*,#1074,.F.);
#1480=ORIENTED_EDGE('',*,*,#1075,.F.);
#1481=ORIENTED_EDGE('',*,*,#1073,.T.);
#1482=ORIENTED_EDGE('',*,*,#1070,.T.);
#1483=ORIENTED_EDGE('',*,*,#1067,.T.);
#1484=ORIENTED_EDGE('',*,*,#1076,.T.);
#1485=ORIENTED_EDGE('',*,*,#1077,.T.);
#1486=ORIENTED_EDGE('',*,*,#1078,.F.);
#1487=ORIENTED_EDGE('',*,*,#1060,.F.);
#1488=ORIENTED_EDGE('',*,*,#1079,.F.);
#1489=ORIENTED_EDGE('',*,*,#1080,.F.);
#1490=ORIENTED_EDGE('',*,*,#1081,.T.);
#1491=ORIENTED_EDGE('',*,*,#1082,.T.);
#1492=ORIENTED_EDGE('',*,*,#1083,.T.);
#1493=ORIENTED_EDGE('',*,*,#1084,.F.);
#1494=ORIENTED_EDGE('',*,*,#1085,.F.);
#1495=ORIENTED_EDGE('',*,*,#1086,.F.);
#1496=ORIENTED_EDGE('',*,*,#1087,.F.);
#1497=ORIENTED_EDGE('',*,*,#1088,.F.);
#1498=ORIENTED_EDGE('',*,*,#1089,.F.);
#1499=ORIENTED_EDGE('',*,*,#1090,.T.);
#1500=ORIENTED_EDGE('',*,*,#1064,.T.);
#1501=ORIENTED_EDGE('',*,*,#1091,.T.);
#1502=ORIENTED_EDGE('',*,*,#1084,.T.);
#1503=ORIENTED_EDGE('',*,*,#1057,.T.);
#1504=ORIENTED_EDGE('',*,*,#1090,.F.);
#1505=ORIENTED_EDGE('',*,*,#1083,.F.);
#1506=ORIENTED_EDGE('',*,*,#1092,.F.);
#1507=ORIENTED_EDGE('',*,*,#1081,.F.);
#1508=ORIENTED_EDGE('',*,*,#1093,.T.);
#1509=ORIENTED_EDGE('',*,*,#1061,.T.);
#1510=ORIENTED_EDGE('',*,*,#1094,.F.);
#1511=ORIENTED_EDGE('',*,*,#1095,.F.);
#1512=ORIENTED_EDGE('',*,*,#1096,.F.);
#1513=ORIENTED_EDGE('',*,*,#1097,.F.);
#1514=ORIENTED_EDGE('',*,*,#1098,.F.);
#1515=ORIENTED_EDGE('',*,*,#1099,.F.);
#1516=ORIENTED_EDGE('',*,*,#1100,.F.);
#1517=ORIENTED_EDGE('',*,*,#1101,.T.);
#1518=ORIENTED_EDGE('',*,*,#1065,.T.);
#1519=ORIENTED_EDGE('',*,*,#1099,.T.);
#1520=ORIENTED_EDGE('',*,*,#1088,.T.);
#1521=ORIENTED_EDGE('',*,*,#1078,.T.);
#1522=ORIENTED_EDGE('',*,*,#1102,.T.);
#1523=ORIENTED_EDGE('',*,*,#1100,.T.);
#1524=ORIENTED_EDGE('',*,*,#1055,.T.);
#1525=ORIENTED_EDGE('',*,*,#1103,.T.);
#1526=ORIENTED_EDGE('',*,*,#1089,.T.);
#1527=ORIENTED_EDGE('',*,*,#1098,.T.);
#1528=ORIENTED_EDGE('',*,*,#1104,.T.);
#1529=ORIENTED_EDGE('',*,*,#1087,.T.);
#1530=ORIENTED_EDGE('',*,*,#1105,.T.);
#1531=ORIENTED_EDGE('',*,*,#1079,.T.);
#1532=ORIENTED_EDGE('',*,*,#1059,.F.);
#1533=ORIENTED_EDGE('',*,*,#1063,.F.);
#1534=ORIENTED_EDGE('',*,*,#1106,.T.);
#1535=ORIENTED_EDGE('',*,*,#1095,.T.);
#1536=ORIENTED_EDGE('',*,*,#1107,.F.);
#1537=ORIENTED_EDGE('',*,*,#1074,.T.);
#1538=ORIENTED_EDGE('',*,*,#1075,.T.);
#1539=ORIENTED_EDGE('',*,*,#1066,.F.);
#1540=ORIENTED_EDGE('',*,*,#1101,.F.);
#1541=ORIENTED_EDGE('',*,*,#1108,.T.);
#1542=ORIENTED_EDGE('',*,*,#1109,.T.);
#1543=ORIENTED_EDGE('',*,*,#1110,.T.);
#1544=ORIENTED_EDGE('',*,*,#1091,.F.);
#1545=ORIENTED_EDGE('',*,*,#1069,.T.);
#1546=ORIENTED_EDGE('',*,*,#1111,.T.);
#1547=ORIENTED_EDGE('',*,*,#1072,.T.);
#1548=ORIENTED_EDGE('',*,*,#1107,.T.);
#1549=ORIENTED_EDGE('',*,*,#1094,.T.);
#1550=ORIENTED_EDGE('',*,*,#1111,.F.);
#1551=ORIENTED_EDGE('',*,*,#1109,.F.);
#1552=ORIENTED_EDGE('',*,*,#1112,.T.);
#1553=ORIENTED_EDGE('',*,*,#1113,.T.);
#1554=ORIENTED_EDGE('',*,*,#1112,.F.);
#1555=ORIENTED_EDGE('',*,*,#1113,.F.);
#1556=ORIENTED_EDGE('',*,*,#1108,.F.);
#1557=ORIENTED_EDGE('',*,*,#1114,.T.);
#1558=ORIENTED_EDGE('',*,*,#1115,.T.);
#1559=ORIENTED_EDGE('',*,*,#1114,.F.);
#1560=ORIENTED_EDGE('',*,*,#1115,.F.);
#1561=ORIENTED_EDGE('',*,*,#1102,.F.);
#1562=ORIENTED_EDGE('',*,*,#1077,.F.);
#1563=ORIENTED_EDGE('',*,*,#1116,.T.);
#1564=ORIENTED_EDGE('',*,*,#1104,.F.);
#1565=ORIENTED_EDGE('',*,*,#1082,.F.);
#1566=ORIENTED_EDGE('',*,*,#1103,.F.);
#1567=ORIENTED_EDGE('',*,*,#1116,.F.);
#1568=ORIENTED_EDGE('',*,*,#1076,.F.);
#1569=ORIENTED_EDGE('',*,*,#1092,.T.);
#1570=ORIENTED_EDGE('',*,*,#1097,.T.);
#1571=ORIENTED_EDGE('',*,*,#1117,.T.);
#1572=ORIENTED_EDGE('',*,*,#1085,.T.);
#1573=ORIENTED_EDGE('',*,*,#1110,.F.);
#1574=ORIENTED_EDGE('',*,*,#1096,.T.);
#1575=ORIENTED_EDGE('',*,*,#1106,.F.);
#1576=ORIENTED_EDGE('',*,*,#1062,.T.);
#1577=ORIENTED_EDGE('',*,*,#1093,.F.);
#1578=ORIENTED_EDGE('',*,*,#1080,.T.);
#1579=ORIENTED_EDGE('',*,*,#1105,.F.);
#1580=ORIENTED_EDGE('',*,*,#1086,.T.);
#1581=ORIENTED_EDGE('',*,*,#1117,.F.);
#1582=ORIENTED_EDGE('',*,*,#1118,.F.);
#1583=ORIENTED_EDGE('',*,*,#1119,.T.);
#1584=ORIENTED_EDGE('',*,*,#1120,.F.);
#1585=ORIENTED_EDGE('',*,*,#1121,.F.);
#1586=ORIENTED_EDGE('',*,*,#1120,.T.);
#1587=ORIENTED_EDGE('',*,*,#1122,.F.);
#1588=ORIENTED_EDGE('',*,*,#1123,.T.);
#1589=ORIENTED_EDGE('',*,*,#1124,.T.);
#1590=ORIENTED_EDGE('',*,*,#1125,.T.);
#1591=ORIENTED_EDGE('',*,*,#1126,.T.);
#1592=ORIENTED_EDGE('',*,*,#1127,.T.);
#1593=ORIENTED_EDGE('',*,*,#1128,.T.);
#1594=ORIENTED_EDGE('',*,*,#1129,.F.);
#1595=ORIENTED_EDGE('',*,*,#1130,.T.);
#1596=ORIENTED_EDGE('',*,*,#1131,.F.);
#1597=ORIENTED_EDGE('',*,*,#1132,.F.);
#1598=ORIENTED_EDGE('',*,*,#1123,.F.);
#1599=ORIENTED_EDGE('',*,*,#1133,.T.);
#1600=ORIENTED_EDGE('',*,*,#1134,.T.);
#1601=ORIENTED_EDGE('',*,*,#1135,.T.);
#1602=ORIENTED_EDGE('',*,*,#1130,.F.);
#1603=ORIENTED_EDGE('',*,*,#1136,.F.);
#1604=ORIENTED_EDGE('',*,*,#1137,.T.);
#1605=ORIENTED_EDGE('',*,*,#1136,.T.);
#1606=ORIENTED_EDGE('',*,*,#1129,.T.);
#1607=ORIENTED_EDGE('',*,*,#1138,.F.);
#1608=ORIENTED_EDGE('',*,*,#1119,.F.);
#1609=ORIENTED_EDGE('',*,*,#1139,.F.);
#1610=ORIENTED_EDGE('',*,*,#1133,.F.);
#1611=ORIENTED_EDGE('',*,*,#1140,.F.);
#1612=ORIENTED_EDGE('',*,*,#1118,.T.);
#1613=ORIENTED_EDGE('',*,*,#1141,.F.);
#1614=ORIENTED_EDGE('',*,*,#1131,.T.);
#1615=ORIENTED_EDGE('',*,*,#1139,.T.);
#1616=ORIENTED_EDGE('',*,*,#1142,.T.);
#1617=ORIENTED_EDGE('',*,*,#1143,.T.);
#1618=ORIENTED_EDGE('',*,*,#1141,.T.);
#1619=ORIENTED_EDGE('',*,*,#1144,.T.);
#1620=ORIENTED_EDGE('',*,*,#1125,.F.);
#1621=ORIENTED_EDGE('',*,*,#1135,.F.);
#1622=ORIENTED_EDGE('',*,*,#1145,.T.);
#1623=ORIENTED_EDGE('',*,*,#1146,.T.);
#1624=ORIENTED_EDGE('',*,*,#1127,.F.);
#1625=ORIENTED_EDGE('',*,*,#1147,.F.);
#1626=ORIENTED_EDGE('',*,*,#1148,.F.);
#1627=ORIENTED_EDGE('',*,*,#1147,.T.);
#1628=ORIENTED_EDGE('',*,*,#1126,.F.);
#1629=ORIENTED_EDGE('',*,*,#1144,.F.);
#1630=ORIENTED_EDGE('',*,*,#1121,.T.);
#1631=ORIENTED_EDGE('',*,*,#1124,.F.);
#1632=ORIENTED_EDGE('',*,*,#1132,.T.);
#1633=ORIENTED_EDGE('',*,*,#1143,.F.);
#1634=ORIENTED_EDGE('',*,*,#1149,.T.);
#1635=ORIENTED_EDGE('',*,*,#1140,.T.);
#1636=ORIENTED_EDGE('',*,*,#1122,.T.);
#1637=ORIENTED_EDGE('',*,*,#1138,.T.);
#1638=ORIENTED_EDGE('',*,*,#1128,.F.);
#1639=ORIENTED_EDGE('',*,*,#1146,.F.);
#1640=ORIENTED_EDGE('',*,*,#1149,.F.);
#1641=ORIENTED_EDGE('',*,*,#1145,.F.);
#1642=ORIENTED_EDGE('',*,*,#1148,.T.);
#1643=ORIENTED_EDGE('',*,*,#1142,.F.);
#1644=ORIENTED_EDGE('',*,*,#1134,.F.);
#1645=ORIENTED_EDGE('',*,*,#1137,.F.);
#1646=PLANE('',#1879);
#1647=PLANE('',#1880);
#1648=PLANE('',#1881);
#1649=PLANE('',#1882);
#1650=PLANE('',#1883);
#1651=PLANE('',#1884);
#1652=PLANE('',#1885);
#1653=PLANE('',#1886);
#1654=PLANE('',#1887);
#1655=PLANE('',#1888);
#1656=PLANE('',#1889);
#1657=PLANE('',#1890);
#1658=PLANE('',#1891);
#1659=PLANE('',#1892);
#1660=PLANE('',#1893);
#1661=PLANE('',#1894);
#1662=PLANE('',#1895);
#1663=PLANE('',#1896);
#1664=PLANE('',#1897);
#1665=PLANE('',#1898);
#1666=PLANE('',#1899);
#1667=PLANE('',#1909);
#1668=PLANE('',#1910);
#1669=PLANE('',#1911);
#1670=PLANE('',#1912);
#1671=PLANE('',#1913);
#1672=PLANE('',#1914);
#1673=PLANE('',#1915);
#1674=PLANE('',#1916);
#1675=PLANE('',#1917);
#1676=PLANE('',#1918);
#1677=PLANE('',#1919);
#1678=PLANE('',#1920);
#1679=PLANE('',#1921);
#1680=PLANE('',#1923);
#1681=PLANE('',#1924);
#1682=PLANE('',#1925);
#1683=PLANE('',#1926);
#1684=PLANE('',#1927);
#1685=PLANE('',#1928);
#1686=PLANE('',#1929);
#1687=PLANE('',#1930);
#1688=PLANE('',#1931);
#1689=PLANE('',#1932);
#1690=PLANE('',#1933);
#1691=PLANE('',#1934);
#1692=PLANE('',#1935);
#1693=PLANE('',#1936);
#1694=PLANE('',#1937);
#1695=PLANE('',#1938);
#1696=PLANE('',#1940);
#1697=PLANE('',#1941);
#1698=PLANE('',#1942);
#1699=PLANE('',#1943);
#1700=PLANE('',#1944);
#1701=PLANE('',#1945);
#1702=PLANE('',#1946);
#1703=PLANE('',#1948);
#1704=PLANE('',#1952);
#1705=PLANE('',#1953);
#1706=PLANE('',#1963);
#1707=PLANE('',#1972);
#1708=PLANE('',#1975);
#1709=PLANE('',#1976);
#1710=PLANE('',#1977);
#1711=PLANE('',#1978);
#1712=PLANE('',#1979);
#1713=PLANE('',#1981);
#1714=PLANE('',#1982);
#1715=PLANE('',#1983);
#1716=PLANE('',#1984);
#1717=PLANE('',#1985);
#1718=PLANE('',#1986);
#1719=PLANE('',#1987);
#1720=PLANE('',#1988);
#1721=PLANE('',#1989);
#1722=PLANE('',#1990);
#1723=PLANE('',#1991);
#1724=PLANE('',#1992);
#1725=ADVANCED_FACE('',(#91),#1646,.F.);
#1726=ADVANCED_FACE('',(#92),#1647,.T.);
#1727=ADVANCED_FACE('',(#93),#1648,.T.);
#1728=ADVANCED_FACE('',(#94),#1649,.F.);
#1729=ADVANCED_FACE('',(#95),#1650,.F.);
#1730=ADVANCED_FACE('',(#96),#1651,.F.);
#1731=ADVANCED_FACE('',(#97),#1652,.F.);
#1732=ADVANCED_FACE('',(#98),#1653,.F.);
#1733=ADVANCED_FACE('',(#99),#1654,.F.);
#1734=ADVANCED_FACE('',(#100),#1655,.F.);
#1735=ADVANCED_FACE('',(#101),#1656,.F.);
#1736=ADVANCED_FACE('',(#102),#1657,.F.);
#1737=ADVANCED_FACE('',(#103),#1658,.F.);
#1738=ADVANCED_FACE('',(#104),#1659,.F.);
#1739=ADVANCED_FACE('',(#105),#1660,.T.);
#1740=ADVANCED_FACE('',(#106),#1661,.T.);
#1741=ADVANCED_FACE('',(#107),#1662,.T.);
#1742=ADVANCED_FACE('',(#108),#1663,.F.);
#1743=ADVANCED_FACE('',(#109),#1664,.T.);
#1744=ADVANCED_FACE('',(#110),#1665,.T.);
#1745=ADVANCED_FACE('',(#111),#1666,.T.);
#1746=ADVANCED_FACE('',(#112),#80,.F.);
#1747=ADVANCED_FACE('',(#113),#81,.F.);
#1748=ADVANCED_FACE('',(#114),#82,.F.);
#1749=ADVANCED_FACE('',(#115),#1667,.F.);
#1750=ADVANCED_FACE('',(#116),#1668,.T.);
#1751=ADVANCED_FACE('',(#117),#1669,.T.);
#1752=ADVANCED_FACE('',(#118,#50),#1670,.T.);
#1753=ADVANCED_FACE('',(#119),#1671,.T.);
#1754=ADVANCED_FACE('',(#120),#1672,.T.);
#1755=ADVANCED_FACE('',(#121),#1673,.T.);
#1756=ADVANCED_FACE('',(#122),#1674,.T.);
#1757=ADVANCED_FACE('',(#123),#1675,.F.);
#1758=ADVANCED_FACE('',(#124),#1676,.F.);
#1759=ADVANCED_FACE('',(#125,#51,#52,#53,#54),#1677,.T.);
#1760=ADVANCED_FACE('',(#126,#55,#56,#57),#1678,.T.);
#1761=ADVANCED_FACE('',(#127),#1679,.T.);
#1762=ADVANCED_FACE('',(#128),#1680,.F.);
#1763=ADVANCED_FACE('',(#129),#1681,.F.);
#1764=ADVANCED_FACE('',(#130),#1682,.F.);
#1765=ADVANCED_FACE('',(#131),#1683,.F.);
#1766=ADVANCED_FACE('',(#132),#1684,.F.);
#1767=ADVANCED_FACE('',(#133),#1685,.F.);
#1768=ADVANCED_FACE('',(#134,#58),#1686,.T.);
#1769=ADVANCED_FACE('',(#135),#1687,.F.);
#1770=ADVANCED_FACE('',(#136),#1688,.F.);
#1771=ADVANCED_FACE('',(#137),#1689,.F.);
#1772=ADVANCED_FACE('',(#138),#1690,.T.);
#1773=ADVANCED_FACE('',(#139),#1691,.T.);
#1774=ADVANCED_FACE('',(#140),#1692,.T.);
#1775=ADVANCED_FACE('',(#141,#59),#1693,.T.);
#1776=ADVANCED_FACE('',(#142),#1694,.T.);
#1777=ADVANCED_FACE('',(#143),#1695,.F.);
#1778=ADVANCED_FACE('',(#144),#1696,.T.);
#1779=ADVANCED_FACE('',(#145),#1697,.F.);
#1780=ADVANCED_FACE('',(#146),#1698,.T.);
#1781=ADVANCED_FACE('',(#147),#1699,.T.);
#1782=ADVANCED_FACE('',(#148),#1700,.T.);
#1783=ADVANCED_FACE('',(#149),#1701,.T.);
#1784=ADVANCED_FACE('',(#150),#1702,.F.);
#1785=ADVANCED_FACE('',(#151),#1703,.F.);
#1786=ADVANCED_FACE('',(#152),#83,.T.);
#1787=ADVANCED_FACE('',(#153),#1704,.T.);
#1788=ADVANCED_FACE('',(#154),#1705,.T.);
#1789=ADVANCED_FACE('',(#155),#31,.T.);
#1790=ADVANCED_FACE('',(#156),#84,.T.);
#1791=ADVANCED_FACE('',(#157),#85,.T.);
#1792=ADVANCED_FACE('',(#158),#86,.T.);
#1793=ADVANCED_FACE('',(#159,#60,#61),#1706,.T.);
#1794=ADVANCED_FACE('',(#160),#87,.T.);
#1795=ADVANCED_FACE('',(#161),#88,.T.);
#1796=ADVANCED_FACE('',(#162),#89,.F.);
#1797=ADVANCED_FACE('',(#163),#1707,.T.);
#1798=ADVANCED_FACE('',(#164),#90,.F.);
#1799=ADVANCED_FACE('',(#165),#1708,.T.);
#1800=ADVANCED_FACE('',(#166),#1709,.F.);
#1801=ADVANCED_FACE('',(#167),#1710,.F.);
#1802=ADVANCED_FACE('',(#168),#1711,.T.);
#1803=ADVANCED_FACE('',(#169),#1712,.F.);
#1804=ADVANCED_FACE('',(#170),#1713,.T.);
#1805=ADVANCED_FACE('',(#171),#1714,.T.);
#1806=ADVANCED_FACE('',(#172),#1715,.T.);
#1807=ADVANCED_FACE('',(#173),#1716,.T.);
#1808=ADVANCED_FACE('',(#174),#1717,.T.);
#1809=ADVANCED_FACE('',(#175),#1718,.T.);
#1810=ADVANCED_FACE('',(#176),#1719,.T.);
#1811=ADVANCED_FACE('',(#177),#1720,.T.);
#1812=ADVANCED_FACE('',(#178),#1721,.T.);
#1813=ADVANCED_FACE('',(#179),#1722,.T.);
#1814=ADVANCED_FACE('',(#180),#1723,.T.);
#1815=ADVANCED_FACE('',(#181),#1724,.F.);
#1816=CLOSED_SHELL('',(#1725,#1726,#1727,#1728,#1729,#1730,#1731,#1732,
#1733,#1734,#1735,#1736,#1737,#1738,#1739,#1740,#1741,#1742,#1743,#1744,
#1745,#1746,#1747,#1748,#1749,#1750,#1751,#1752,#1753,#1754,#1755,#1756,
#1757,#1758,#1759,#1760,#1761));
#1817=CLOSED_SHELL('',(#1762,#1763,#1764,#1765,#1766,#1767,#1768,#1769,
#1770,#1771,#1772,#1773,#1774,#1775,#1776,#1777));
#1818=CLOSED_SHELL('',(#1778,#1779,#1780,#1781,#1782,#1783,#1784,#1785,
#1786,#1787,#1788,#1789,#1790,#1791,#1792,#1793,#1794,#1795,#1796,#1797,
#1798,#1799,#1800,#1801,#1802,#1803));
#1819=CLOSED_SHELL('',(#1804,#1805,#1806,#1807,#1808,#1809,#1810,#1811,
#1812,#1813,#1814,#1815));
#1820=DERIVED_UNIT_ELEMENT(#1830,1.);
#1821=DERIVED_UNIT_ELEMENT(#2996,-3.);
#1822=DERIVED_UNIT_ELEMENT(#1830,1.);
#1823=DERIVED_UNIT_ELEMENT(#2996,-3.);
#1824=DERIVED_UNIT_ELEMENT(#1830,1.);
#1825=DERIVED_UNIT_ELEMENT(#2996,-3.);
#1826=DERIVED_UNIT_ELEMENT(#1830,1.);
#1827=DERIVED_UNIT_ELEMENT(#2996,-3.);
#1828=DERIVED_UNIT_ELEMENT(#1830,1.);
#1829=DERIVED_UNIT_ELEMENT(#2996,-3.);
#1830=(
MASS_UNIT()
NAMED_UNIT(*)
SI_UNIT(.KILO.,.GRAM.)
);
#1831=DERIVED_UNIT((#1820,#1821));
#1832=DERIVED_UNIT((#1822,#1823));
#1833=DERIVED_UNIT((#1824,#1825));
#1834=DERIVED_UNIT((#1826,#1827));
#1835=DERIVED_UNIT((#1828,#1829));
#1836=MEASURE_REPRESENTATION_ITEM('density measure',
POSITIVE_RATIO_MEASURE(7850.),#1831);
#1837=MEASURE_REPRESENTATION_ITEM('density measure',
POSITIVE_RATIO_MEASURE(7850.),#1832);
#1838=MEASURE_REPRESENTATION_ITEM('density measure',
POSITIVE_RATIO_MEASURE(7850.),#1833);
#1839=MEASURE_REPRESENTATION_ITEM('density measure',
POSITIVE_RATIO_MEASURE(7850.),#1834);
#1840=MEASURE_REPRESENTATION_ITEM('density measure',
POSITIVE_RATIO_MEASURE(7850.),#1835);
#1841=PROPERTY_DEFINITION_REPRESENTATION(#1866,#1851);
#1842=PROPERTY_DEFINITION_REPRESENTATION(#1867,#1852);
#1843=PROPERTY_DEFINITION_REPRESENTATION(#1868,#1853);
#1844=PROPERTY_DEFINITION_REPRESENTATION(#1869,#1854);
#1845=PROPERTY_DEFINITION_REPRESENTATION(#1870,#1855);
#1846=PROPERTY_DEFINITION_REPRESENTATION(#1871,#1856);
#1847=PROPERTY_DEFINITION_REPRESENTATION(#1872,#1857);
#1848=PROPERTY_DEFINITION_REPRESENTATION(#1873,#1858);
#1849=PROPERTY_DEFINITION_REPRESENTATION(#1874,#1859);
#1850=PROPERTY_DEFINITION_REPRESENTATION(#1875,#1860);
#1851=REPRESENTATION('material name',(#1861),#2989);
#1852=REPRESENTATION('density',(#1836),#2989);
#1853=REPRESENTATION('material name',(#1862),#2990);
#1854=REPRESENTATION('density',(#1837),#2990);
#1855=REPRESENTATION('material name',(#1863),#2991);
#1856=REPRESENTATION('density',(#1838),#2991);
#1857=REPRESENTATION('material name',(#1864),#2992);
#1858=REPRESENTATION('density',(#1839),#2992);
#1859=REPRESENTATION('material name',(#1865),#2993);
#1860=REPRESENTATION('density',(#1840),#2993);
#1861=DESCRIPTIVE_REPRESENTATION_ITEM('Steel','Steel');
#1862=DESCRIPTIVE_REPRESENTATION_ITEM('Steel','Steel');
#1863=DESCRIPTIVE_REPRESENTATION_ITEM('Steel','Steel');
#1864=DESCRIPTIVE_REPRESENTATION_ITEM('Steel','Steel');
#1865=DESCRIPTIVE_REPRESENTATION_ITEM('Steel','Steel');
#1866=PROPERTY_DEFINITION('material property','material name',#3024);
#1867=PROPERTY_DEFINITION('material property','density of part',#3024);
#1868=PROPERTY_DEFINITION('material property','material name',#3025);
#1869=PROPERTY_DEFINITION('material property','density of part',#3025);
#1870=PROPERTY_DEFINITION('material property','material name',#3026);
#1871=PROPERTY_DEFINITION('material property','density of part',#3026);
#1872=PROPERTY_DEFINITION('material property','material name',#3027);
#1873=PROPERTY_DEFINITION('material property','density of part',#3027);
#1874=PROPERTY_DEFINITION('material property','material name',#3028);
#1875=PROPERTY_DEFINITION('material property','density of part',#3028);
#1876=AXIS2_PLACEMENT_3D('',#2470,#1998,#1999);
#1877=AXIS2_PLACEMENT_3D('',#2471,#2000,#2001);
#1878=AXIS2_PLACEMENT_3D('',#2472,#2002,#2003);
#1879=AXIS2_PLACEMENT_3D('',#2473,#2004,#2005);
#1880=AXIS2_PLACEMENT_3D('',#2484,#2011,#2012);
#1881=AXIS2_PLACEMENT_3D('',#2493,#2017,#2018);
#1882=AXIS2_PLACEMENT_3D('',#2509,#2027,#2028);
#1883=AXIS2_PLACEMENT_3D('',#2513,#2031,#2032);
#1884=AXIS2_PLACEMENT_3D('',#2521,#2037,#2038);
#1885=AXIS2_PLACEMENT_3D('',#2532,#2045,#2046);
#1886=AXIS2_PLACEMENT_3D('',#2538,#2050,#2051);
#1887=AXIS2_PLACEMENT_3D('',#2545,#2056,#2057);
#1888=AXIS2_PLACEMENT_3D('',#2554,#2062,#2063);
#1889=AXIS2_PLACEMENT_3D('',#2560,#2067,#2068);
#1890=AXIS2_PLACEMENT_3D('',#2566,#2072,#2073);
#1891=AXIS2_PLACEMENT_3D('',#2572,#2077,#2078);
#1892=AXIS2_PLACEMENT_3D('',#2575,#2081,#2082);
#1893=AXIS2_PLACEMENT_3D('',#2576,#2083,#2084);
#1894=AXIS2_PLACEMENT_3D('',#2585,#2089,#2090);
#1895=AXIS2_PLACEMENT_3D('',#2591,#2094,#2095);
#1896=AXIS2_PLACEMENT_3D('',#2599,#2100,#2101);
#1897=AXIS2_PLACEMENT_3D('',#2608,#2107,#2108);
#1898=AXIS2_PLACEMENT_3D('',#2612,#2111,#2112);
#1899=AXIS2_PLACEMENT_3D('',#2620,#2117,#2118);
#1900=AXIS2_PLACEMENT_3D('',#2632,#2125,#2126);
#1901=AXIS2_PLACEMENT_3D('',#2634,#2127,#2128);
#1902=AXIS2_PLACEMENT_3D('',#2637,#2130,#2131);
#1903=AXIS2_PLACEMENT_3D('',#2638,#2132,#2133);
#1904=AXIS2_PLACEMENT_3D('',#2640,#2134,#2135);
#1905=AXIS2_PLACEMENT_3D('',#2643,#2137,#2138);
#1906=AXIS2_PLACEMENT_3D('',#2644,#2139,#2140);
#1907=AXIS2_PLACEMENT_3D('',#2646,#2141,#2142);
#1908=AXIS2_PLACEMENT_3D('',#2649,#2144,#2145);
#1909=AXIS2_PLACEMENT_3D('',#2650,#2146,#2147);
#1910=AXIS2_PLACEMENT_3D('',#2656,#2151,#2152);
#1911=AXIS2_PLACEMENT_3D('',#2660,#2155,#2156);
#1912=AXIS2_PLACEMENT_3D('',#2664,#2159,#2160);
#1913=AXIS2_PLACEMENT_3D('',#2673,#2167,#2168);
#1914=AXIS2_PLACEMENT_3D('',#2674,#2169,#2170);
#1915=AXIS2_PLACEMENT_3D('',#2679,#2174,#2175);
#1916=AXIS2_PLACEMENT_3D('',#2681,#2177,#2178);
#1917=AXIS2_PLACEMENT_3D('',#2682,#2179,#2180);
#1918=AXIS2_PLACEMENT_3D('',#2684,#2182,#2183);
#1919=AXIS2_PLACEMENT_3D('',#2685,#2184,#2185);
#1920=AXIS2_PLACEMENT_3D('',#2687,#2187,#2188);
#1921=AXIS2_PLACEMENT_3D('',#2688,#2189,#2190);
#1922=AXIS2_PLACEMENT_3D('',#2689,#2191,#2192);
#1923=AXIS2_PLACEMENT_3D('',#2690,#2193,#2194);
#1924=AXIS2_PLACEMENT_3D('',#2699,#2199,#2200);
#1925=AXIS2_PLACEMENT_3D('',#2708,#2205,#2206);
#1926=AXIS2_PLACEMENT_3D('',#2719,#2213,#2214);
#1927=AXIS2_PLACEMENT_3D('',#2723,#2217,#2218);
#1928=AXIS2_PLACEMENT_3D('',#2732,#2224,#2225);
#1929=AXIS2_PLACEMENT_3D('',#2734,#2227,#2228);
#1930=AXIS2_PLACEMENT_3D('',#2748,#2236,#2237);
#1931=AXIS2_PLACEMENT_3D('',#2754,#2241,#2242);
#1932=AXIS2_PLACEMENT_3D('',#2756,#2244,#2245);
#1933=AXIS2_PLACEMENT_3D('',#2758,#2247,#2248);
#1934=AXIS2_PLACEMENT_3D('',#2766,#2253,#2254);
#1935=AXIS2_PLACEMENT_3D('',#2771,#2258,#2259);
#1936=AXIS2_PLACEMENT_3D('',#2775,#2262,#2263);
#1937=AXIS2_PLACEMENT_3D('',#2779,#2266,#2267);
#1938=AXIS2_PLACEMENT_3D('',#2781,#2269,#2270);
#1939=AXIS2_PLACEMENT_3D('',#2782,#2271,#2272);
#1940=AXIS2_PLACEMENT_3D('',#2783,#2273,#2274);
#1941=AXIS2_PLACEMENT_3D('',#2796,#2281,#2282);
#1942=AXIS2_PLACEMENT_3D('',#2802,#2286,#2287);
#1943=AXIS2_PLACEMENT_3D('',#2812,#2293,#2294);
#1944=AXIS2_PLACEMENT_3D('',#2818,#2298,#2299);
#1945=AXIS2_PLACEMENT_3D('',#2824,#2303,#2304);
#1946=AXIS2_PLACEMENT_3D('',#2826,#2306,#2307);
#1947=AXIS2_PLACEMENT_3D('',#2832,#2310,#2311);
#1948=AXIS2_PLACEMENT_3D('',#2838,#2315,#2316);
#1949=AXIS2_PLACEMENT_3D('',#2855,#2325,#2326);
#1950=AXIS2_PLACEMENT_3D('',#2856,#2327,#2328);
#1951=AXIS2_PLACEMENT_3D('',#2857,#2329,#2330);
#1952=AXIS2_PLACEMENT_3D('',#2858,#2331,#2332);
#1953=AXIS2_PLACEMENT_3D('',#2861,#2335,#2336);
#1954=AXIS2_PLACEMENT_3D('',#2870,#2341,#2342);
#1955=AXIS2_PLACEMENT_3D('',#2872,#2343,#2344);
#1956=AXIS2_PLACEMENT_3D('',#2873,#2345,#2346);
#1957=AXIS2_PLACEMENT_3D('',#2874,#2347,#2348);
#1958=AXIS2_PLACEMENT_3D('',#2875,#2349,#2350);
#1959=AXIS2_PLACEMENT_3D('',#2876,#2351,#2352);
#1960=AXIS2_PLACEMENT_3D('',#2877,#2353,#2354);
#1961=AXIS2_PLACEMENT_3D('',#2879,#2356,#2357);
#1962=AXIS2_PLACEMENT_3D('',#2881,#2358,#2359);
#1963=AXIS2_PLACEMENT_3D('',#2883,#2361,#2362);
#1964=AXIS2_PLACEMENT_3D('',#2886,#2365,#2366);
#1965=AXIS2_PLACEMENT_3D('',#2888,#2367,#2368);
#1966=AXIS2_PLACEMENT_3D('',#2890,#2369,#2370);
#1967=AXIS2_PLACEMENT_3D('',#2891,#2371,#2372);
#1968=AXIS2_PLACEMENT_3D('',#2893,#2374,#2375);
#1969=AXIS2_PLACEMENT_3D('',#2894,#2376,#2377);
#1970=AXIS2_PLACEMENT_3D('',#2895,#2378,#2379);
#1971=AXIS2_PLACEMENT_3D('',#2898,#2381,#2382);
#1972=AXIS2_PLACEMENT_3D('',#2899,#2383,#2384);
#1973=AXIS2_PLACEMENT_3D('',#2900,#2385,#2386);
#1974=AXIS2_PLACEMENT_3D('',#2903,#2388,#2389);
#1975=AXIS2_PLACEMENT_3D('',#2904,#2390,#2391);
#1976=AXIS2_PLACEMENT_3D('',#2905,#2392,#2393);
#1977=AXIS2_PLACEMENT_3D('',#2907,#2395,#2396);
#1978=AXIS2_PLACEMENT_3D('',#2908,#2397,#2398);
#1979=AXIS2_PLACEMENT_3D('',#2910,#2400,#2401);
#1980=AXIS2_PLACEMENT_3D('',#2911,#2402,#2403);
#1981=AXIS2_PLACEMENT_3D('',#2912,#2404,#2405);
#1982=AXIS2_PLACEMENT_3D('',#2921,#2410,#2411);
#1983=AXIS2_PLACEMENT_3D('',#2927,#2415,#2416);
#1984=AXIS2_PLACEMENT_3D('',#2940,#2423,#2424);
#1985=AXIS2_PLACEMENT_3D('',#2946,#2428,#2429);
#1986=AXIS2_PLACEMENT_3D('',#2952,#2433,#2434);
#1987=AXIS2_PLACEMENT_3D('',#2958,#2439,#2440);
#1988=AXIS2_PLACEMENT_3D('',#2960,#2442,#2443);
#1989=AXIS2_PLACEMENT_3D('',#2965,#2447,#2448);
#1990=AXIS2_PLACEMENT_3D('',#2971,#2452,#2453);
#1991=AXIS2_PLACEMENT_3D('',#2973,#2455,#2456);
#1992=AXIS2_PLACEMENT_3D('',#2975,#2458,#2459);
#1993=AXIS2_PLACEMENT_3D('',#2976,#2460,#2461);
#1994=AXIS2_PLACEMENT_3D('',#2977,#2462,#2463);
#1995=AXIS2_PLACEMENT_3D('',#2978,#2464,#2465);
#1996=AXIS2_PLACEMENT_3D('',#2979,#2466,#2467);
#1997=AXIS2_PLACEMENT_3D('',#2980,#2468,#2469);
#1998=DIRECTION('axis',(0.,0.,1.));
#1999=DIRECTION('refdir',(1.,0.,0.));
#2000=DIRECTION('axis',(0.,0.,1.));
#2001=DIRECTION('refdir',(1.,0.,0.));
#2002=DIRECTION('axis',(0.,0.,1.));
#2003=DIRECTION('refdir',(1.,0.,0.));
#2004=DIRECTION('center_axis',(2.63820080078642E-10,1.,0.));
#2005=DIRECTION('ref_axis',(1.,-2.63820080078642E-10,0.));
#2006=DIRECTION('',(1.,-2.63820080078642E-10,0.));
#2007=DIRECTION('',(0.,0.,1.));
#2008=DIRECTION('',(1.,-2.63820080078642E-10,0.));
#2009=DIRECTION('',(0.,0.,-1.));
#2010=DIRECTION('',(0.,0.,-1.));
#2011=DIRECTION('center_axis',(0.,0.,1.));
#2012=DIRECTION('ref_axis',(1.,0.,0.));
#2013=DIRECTION('',(-1.,0.,0.));
#2014=DIRECTION('',(0.,1.,0.));
#2015=DIRECTION('',(1.,0.,0.));
#2016=DIRECTION('',(0.,1.,0.));
#2017=DIRECTION('center_axis',(0.,0.,1.));
#2018=DIRECTION('ref_axis',(1.,0.,0.));
#2019=DIRECTION('',(2.59150753996281E-10,1.,0.));
#2020=DIRECTION('',(-3.25704110146965E-12,-1.,0.));
#2021=DIRECTION('',(2.59150753996281E-10,1.,0.));
#2022=DIRECTION('',(1.,-2.59150721849171E-10,0.));
#2023=DIRECTION('',(-1.,0.,0.));
#2024=DIRECTION('',(0.,1.,0.));
#2025=DIRECTION('',(1.,0.,0.));
#2026=DIRECTION('',(0.,1.,0.));
#2027=DIRECTION('center_axis',(-1.,2.59150753996281E-10,0.));
#2028=DIRECTION('ref_axis',(2.59150753996281E-10,1.,0.));
#2029=DIRECTION('',(0.,-1.,0.));
#2030=DIRECTION('',(0.,0.,1.));
#2031=DIRECTION('center_axis',(-1.,0.,0.));
#2032=DIRECTION('ref_axis',(0.,0.,1.));
#2033=DIRECTION('',(0.,1.,0.));
#2034=DIRECTION('',(0.,0.,1.));
#2035=DIRECTION('',(0.,-1.,0.));
#2036=DIRECTION('',(0.,0.,-1.));
#2037=DIRECTION('center_axis',(0.,1.,0.));
#2038=DIRECTION('ref_axis',(0.,0.,1.));
#2039=DIRECTION('',(1.,0.,0.));
#2040=DIRECTION('',(0.,0.,-1.));
#2041=DIRECTION('',(1.,0.,0.));
#2042=DIRECTION('',(0.,0.,1.));
#2043=DIRECTION('',(0.,0.,-1.));
#2044=DIRECTION('',(1.,0.,0.));
#2045=DIRECTION('center_axis',(0.,0.,1.));
#2046=DIRECTION('ref_axis',(1.,0.,0.));
#2047=DIRECTION('',(0.,1.,0.));
#2048=DIRECTION('',(0.,1.,0.));
#2049=DIRECTION('',(1.,0.,0.));
#2050=DIRECTION('center_axis',(0.,-1.,0.));
#2051=DIRECTION('ref_axis',(1.,0.,0.));
#2052=DIRECTION('',(0.,0.,-1.));
#2053=DIRECTION('',(0.,0.,1.));
#2054=DIRECTION('',(-1.,0.,0.));
#2055=DIRECTION('',(0.,0.,-1.));
#2056=DIRECTION('center_axis',(0.,1.,0.));
#2057=DIRECTION('ref_axis',(-1.,0.,0.));
#2058=DIRECTION('',(-1.,0.,0.));
#2059=DIRECTION('',(0.,0.,1.));
#2060=DIRECTION('',(-1.,0.,0.));
#2061=DIRECTION('',(0.,0.,1.));
#2062=DIRECTION('center_axis',(0.999999999999664,-8.19563865661349E-7,0.));
#2063=DIRECTION('ref_axis',(8.19563865661349E-7,0.999999999999664,0.));
#2064=DIRECTION('',(8.19563865661349E-7,0.999999999999664,0.));
#2065=DIRECTION('',(0.,0.,1.));
#2066=DIRECTION('',(8.19563865661349E-7,0.999999999999664,0.));
#2067=DIRECTION('center_axis',(1.,0.,0.));
#2068=DIRECTION('ref_axis',(0.,1.,0.));
#2069=DIRECTION('',(0.,1.,0.));
#2070=DIRECTION('',(0.,0.,1.));
#2071=DIRECTION('',(0.,1.,0.));
#2072=DIRECTION('center_axis',(-4.93432457022895E-17,-1.,0.));
#2073=DIRECTION('ref_axis',(1.,-4.93432457022895E-17,0.));
#2074=DIRECTION('',(1.,-4.93432457022895E-17,0.));
#2075=DIRECTION('',(0.,0.,1.));
#2076=DIRECTION('',(1.,-4.93432457022895E-17,0.));
#2077=DIRECTION('center_axis',(-1.,-5.32184328351702E-9,0.));
#2078=DIRECTION('ref_axis',(5.32184328351702E-9,-1.,0.));
#2079=DIRECTION('',(5.32184328351702E-9,-1.,0.));
#2080=DIRECTION('',(5.32184328351702E-9,-1.,0.));
#2081=DIRECTION('center_axis',(0.,0.,1.));
#2082=DIRECTION('ref_axis',(1.,0.,0.));
#2083=DIRECTION('center_axis',(1.,0.,0.));
#2084=DIRECTION('ref_axis',(0.,0.,-1.));
#2085=DIRECTION('',(0.,0.,1.));
#2086=DIRECTION('',(0.,-1.,0.));
#2087=DIRECTION('',(0.,0.,-1.));
#2088=DIRECTION('',(0.,1.,0.));
#2089=DIRECTION('center_axis',(0.,0.,1.));
#2090=DIRECTION('ref_axis',(1.,0.,0.));
#2091=DIRECTION('',(-1.,0.,0.));
#2092=DIRECTION('',(1.,0.,0.));
#2093=DIRECTION('',(0.,1.,0.));
#2094=DIRECTION('center_axis',(0.,-1.,0.));
#2095=DIRECTION('ref_axis',(1.,0.,0.));
#2096=DIRECTION('',(-1.,0.,0.));
#2097=DIRECTION('',(0.,0.,-1.));
#2098=DIRECTION('',(1.,0.,0.));
#2099=DIRECTION('',(0.,0.,-1.));
#2100=DIRECTION('center_axis',(1.,0.,0.));
#2101=DIRECTION('ref_axis',(0.,0.,-1.));
#2102=DIRECTION('',(0.,0.,-1.));
#2103=DIRECTION('',(0.,-1.,0.));
#2104=DIRECTION('',(0.,0.,1.));
#2105=DIRECTION('',(0.,-1.,0.));
#2106=DIRECTION('',(0.,0.,1.));
#2107=DIRECTION('center_axis',(0.,0.,1.));
#2108=DIRECTION('ref_axis',(1.,0.,0.));
#2109=DIRECTION('',(0.,-1.,0.));
#2110=DIRECTION('',(1.,0.,0.));
#2111=DIRECTION('center_axis',(0.,-1.,0.));
#2112=DIRECTION('ref_axis',(1.,0.,0.));
#2113=DIRECTION('',(0.,0.,-1.));
#2114=DIRECTION('',(1.,0.,0.));
#2115=DIRECTION('',(0.,0.,-1.));
#2116=DIRECTION('',(1.,0.,0.));
#2117=DIRECTION('center_axis',(0.,0.,1.));
#2118=DIRECTION('ref_axis',(1.,0.,0.));
#2119=DIRECTION('',(1.,0.,0.));
#2120=DIRECTION('',(0.,-1.,0.));
#2121=DIRECTION('',(-1.,0.,0.));
#2122=DIRECTION('',(0.,1.,0.));
#2123=DIRECTION('',(1.,0.,0.));
#2124=DIRECTION('',(0.,-1.,0.));
#2125=DIRECTION('center_axis',(0.,0.,1.));
#2126=DIRECTION('ref_axis',(1.,0.,0.));
#2127=DIRECTION('center_axis',(0.,0.,1.));
#2128=DIRECTION('ref_axis',(1.,0.,0.));
#2129=DIRECTION('',(0.,0.,1.));
#2130=DIRECTION('center_axis',(0.,0.,-1.));
#2131=DIRECTION('ref_axis',(1.,0.,0.));
#2132=DIRECTION('center_axis',(0.,0.,1.));
#2133=DIRECTION('ref_axis',(1.,0.,0.));
#2134=DIRECTION('center_axis',(0.,0.,1.));
#2135=DIRECTION('ref_axis',(1.,0.,0.));
#2136=DIRECTION('',(0.,0.,1.));
#2137=DIRECTION('center_axis',(0.,0.,-1.));
#2138=DIRECTION('ref_axis',(1.,0.,0.));
#2139=DIRECTION('center_axis',(0.,0.,1.));
#2140=DIRECTION('ref_axis',(1.,0.,0.));
#2141=DIRECTION('center_axis',(0.,0.,1.));
#2142=DIRECTION('ref_axis',(1.,0.,0.));
#2143=DIRECTION('',(0.,0.,1.));
#2144=DIRECTION('center_axis',(0.,0.,-1.));
#2145=DIRECTION('ref_axis',(1.,0.,0.));
#2146=DIRECTION('center_axis',(1.,0.,0.));
#2147=DIRECTION('ref_axis',(0.,0.,-1.));
#2148=DIRECTION('',(0.,0.,-1.));
#2149=DIRECTION('',(0.,-1.,0.));
#2150=DIRECTION('',(0.,0.,1.));
#2151=DIRECTION('center_axis',(0.,1.,0.));
#2152=DIRECTION('ref_axis',(-1.,0.,0.));
#2153=DIRECTION('',(1.,0.,0.));
#2154=DIRECTION('',(0.,0.,1.));
#2155=DIRECTION('center_axis',(0.,0.,1.));
#2156=DIRECTION('ref_axis',(1.,0.,0.));
#2157=DIRECTION('',(1.,0.,0.));
#2158=DIRECTION('',(0.,-1.,0.));
#2159=DIRECTION('center_axis',(1.,0.,0.));
#2160=DIRECTION('ref_axis',(0.,0.,-1.));
#2161=DIRECTION('',(0.,0.,1.));
#2162=DIRECTION('',(0.,0.,-1.));
#2163=DIRECTION('',(0.,0.,1.));
#2164=DIRECTION('',(0.,-1.,0.));
#2165=DIRECTION('',(0.,1.,0.));
#2166=DIRECTION('',(0.,-1.,0.));
#2167=DIRECTION('center_axis',(0.,-1.,0.));
#2168=DIRECTION('ref_axis',(1.,0.,0.));
#2169=DIRECTION('center_axis',(-1.,0.,0.));
#2170=DIRECTION('ref_axis',(0.,0.,1.));
#2171=DIRECTION('',(0.,0.,-1.));
#2172=DIRECTION('',(0.,1.,0.));
#2173=DIRECTION('',(0.,1.,0.));
#2174=DIRECTION('center_axis',(0.,1.,0.));
#2175=DIRECTION('ref_axis',(-1.,0.,0.));
#2176=DIRECTION('',(1.,0.,0.));
#2177=DIRECTION('center_axis',(0.,0.,1.));
#2178=DIRECTION('ref_axis',(1.,0.,0.));
#2179=DIRECTION('center_axis',(2.59150721849171E-10,1.,0.));
#2180=DIRECTION('ref_axis',(1.,-2.59150721849171E-10,0.));
#2181=DIRECTION('',(0.,0.,-1.));
#2182=DIRECTION('center_axis',(-1.,2.59150753996281E-10,0.));
#2183=DIRECTION('ref_axis',(2.59150753996281E-10,1.,0.));
#2184=DIRECTION('center_axis',(0.,0.,-1.));
#2185=DIRECTION('ref_axis',(-1.,0.,0.));
#2186=DIRECTION('',(1.,0.,0.));
#2187=DIRECTION('center_axis',(0.,0.,1.));
#2188=DIRECTION('ref_axis',(1.,0.,0.));
#2189=DIRECTION('center_axis',(0.,1.,0.));
#2190=DIRECTION('ref_axis',(0.,0.,1.));
#2191=DIRECTION('axis',(0.,0.,1.));
#2192=DIRECTION('refdir',(1.,0.,0.));
#2193=DIRECTION('center_axis',(0.,-1.,0.));
#2194=DIRECTION('ref_axis',(0.,0.,-1.));
#2195=DIRECTION('',(0.,0.,1.));
#2196=DIRECTION('',(1.,0.,0.));
#2197=DIRECTION('',(0.,0.,-1.));
#2198=DIRECTION('',(1.,0.,0.));
#2199=DIRECTION('center_axis',(0.,1.,0.));
#2200=DIRECTION('ref_axis',(0.,0.,1.));
#2201=DIRECTION('',(0.,0.,-1.));
#2202=DIRECTION('',(1.,0.,0.));
#2203=DIRECTION('',(0.,0.,1.));
#2204=DIRECTION('',(1.,0.,0.));
#2205=DIRECTION('center_axis',(0.,0.,-1.));
#2206=DIRECTION('ref_axis',(1.,0.,0.));
#2207=DIRECTION('',(0.,-1.,0.));
#2208=DIRECTION('',(-1.,0.,0.));
#2209=DIRECTION('',(0.,1.,0.));
#2210=DIRECTION('',(1.,0.,0.));
#2211=DIRECTION('',(0.,-1.,0.));
#2212=DIRECTION('',(-1.11169483820423E-10,1.,0.));
#2213=DIRECTION('center_axis',(-1.,0.,0.));
#2214=DIRECTION('ref_axis',(0.,0.,1.));
#2215=DIRECTION('',(0.,1.,0.));
#2216=DIRECTION('',(0.,0.,1.));
#2217=DIRECTION('center_axis',(0.,0.,1.));
#2218=DIRECTION('ref_axis',(0.,1.,0.));
#2219=DIRECTION('',(0.,1.,0.));
#2220=DIRECTION('',(-1.,0.,0.));
#2221=DIRECTION('',(0.,-1.,0.));
#2222=DIRECTION('',(1.,0.,0.));
#2223=DIRECTION('',(1.11169483820423E-10,-1.,0.));
#2224=DIRECTION('center_axis',(-1.,0.,0.));
#2225=DIRECTION('ref_axis',(0.,0.,1.));
#2226=DIRECTION('',(0.,0.,-1.));
#2227=DIRECTION('center_axis',(0.,1.,0.));
#2228=DIRECTION('ref_axis',(1.,0.,0.));
#2229=DIRECTION('',(-1.,0.,0.));
#2230=DIRECTION('',(0.,0.,-1.));
#2231=DIRECTION('',(1.,0.,0.));
#2232=DIRECTION('',(0.,0.,-1.));
#2233=DIRECTION('',(0.,0.,1.));
#2234=DIRECTION('',(-1.,0.,0.));
#2235=DIRECTION('',(-1.,0.,2.23517411690466E-9));
#2236=DIRECTION('center_axis',(0.,0.,1.));
#2237=DIRECTION('ref_axis',(0.,-1.,0.));
#2238=DIRECTION('',(0.,-1.,0.));
#2239=DIRECTION('',(0.,-1.,0.));
#2240=DIRECTION('',(1.,0.,0.));
#2241=DIRECTION('center_axis',(1.,0.,0.));
#2242=DIRECTION('ref_axis',(0.,0.,-1.));
#2243=DIRECTION('',(0.,0.,-1.));
#2244=DIRECTION('center_axis',(2.23517411690466E-9,0.,1.));
#2245=DIRECTION('ref_axis',(-1.,0.,2.23517411690466E-9));
#2246=DIRECTION('',(1.,0.,-2.23517411690466E-9));
#2247=DIRECTION('center_axis',(0.,0.,-1.));
#2248=DIRECTION('ref_axis',(-1.,0.,0.));
#2249=DIRECTION('',(0.,-1.,0.));
#2250=DIRECTION('',(-1.,0.,0.));
#2251=DIRECTION('',(0.,1.,0.));
#2252=DIRECTION('',(-1.11169483820423E-10,1.,0.));
#2253=DIRECTION('center_axis',(-1.,-1.11169483820423E-10,0.));
#2254=DIRECTION('ref_axis',(-1.11169483820423E-10,1.,0.));
#2255=DIRECTION('',(0.,0.,-1.));
#2256=DIRECTION('',(1.11169483820423E-10,-1.,0.));
#2257=DIRECTION('',(0.,0.,-1.));
#2258=DIRECTION('center_axis',(-1.,0.,0.));
#2259=DIRECTION('ref_axis',(0.,1.,0.));
#2260=DIRECTION('',(0.,-1.,0.));
#2261=DIRECTION('',(0.,0.,-1.));
#2262=DIRECTION('center_axis',(0.,-1.,0.));
#2263=DIRECTION('ref_axis',(-1.,0.,0.));
#2264=DIRECTION('',(1.,0.,0.));
#2265=DIRECTION('',(0.,0.,-1.));
#2266=DIRECTION('center_axis',(1.,0.,0.));
#2267=DIRECTION('ref_axis',(0.,-1.,0.));
#2268=DIRECTION('',(0.,1.,0.));
#2269=DIRECTION('center_axis',(0.,0.,-1.));
#2270=DIRECTION('ref_axis',(1.,0.,0.));
#2271=DIRECTION('axis',(0.,0.,1.));
#2272=DIRECTION('refdir',(1.,0.,0.));
#2273=DIRECTION('center_axis',(0.,-1.,0.));
#2274=DIRECTION('ref_axis',(1.,0.,0.));
#2275=DIRECTION('',(5.7745543147501E-16,0.,-1.));
#2276=DIRECTION('',(1.,0.,0.));
#2277=DIRECTION('',(0.,0.,1.));
#2278=DIRECTION('',(-1.,0.,0.));
#2279=DIRECTION('',(0.,0.,1.));
#2280=DIRECTION('',(-1.,0.,0.));
#2281=DIRECTION('center_axis',(0.,0.,-1.));
#2282=DIRECTION('ref_axis',(-1.,0.,0.));
#2283=DIRECTION('',(0.,1.,0.));
#2284=DIRECTION('',(-1.,0.,0.));
#2285=DIRECTION('',(0.,1.,0.));
#2286=DIRECTION('center_axis',(0.,0.,1.));
#2287=DIRECTION('ref_axis',(1.,0.,0.));
#2288=DIRECTION('',(-1.,0.,0.));
#2289=DIRECTION('',(-1.,0.,0.));
#2290=DIRECTION('',(0.,1.,0.));
#2291=DIRECTION('',(1.,0.,0.));
#2292=DIRECTION('',(0.,1.,0.));
#2293=DIRECTION('center_axis',(-1.,0.,-5.10702591327572E-16));
#2294=DIRECTION('ref_axis',(-5.10702591327572E-16,0.,1.));
#2295=DIRECTION('',(5.10702591327572E-16,0.,-1.));
#2296=DIRECTION('',(-5.10702591327572E-16,0.,1.));
#2297=DIRECTION('',(0.,1.,0.));
#2298=DIRECTION('center_axis',(0.,0.,-1.));
#2299=DIRECTION('ref_axis',(-1.,0.,0.));
#2300=DIRECTION('',(1.,0.,0.));
#2301=DIRECTION('',(-1.,0.,0.));
#2302=DIRECTION('',(0.,1.,0.));
#2303=DIRECTION('center_axis',(0.,1.,0.));
#2304=DIRECTION('ref_axis',(0.,0.,1.));
#2305=DIRECTION('',(0.,0.,1.));
#2306=DIRECTION('center_axis',(0.,0.,1.));
#2307=DIRECTION('ref_axis',(1.,0.,0.));
#2308=DIRECTION('',(1.,0.,0.));
#2309=DIRECTION('',(0.,1.,0.));
#2310=DIRECTION('center_axis',(0.,0.,1.));
#2311=DIRECTION('ref_axis',(-0.707106781186547,0.707106781186548,0.));
#2312=DIRECTION('',(0.,1.,0.));
#2313=DIRECTION('',(1.,0.,0.));
#2314=DIRECTION('',(0.,1.,0.));
#2315=DIRECTION('center_axis',(0.,0.,-1.));
#2316=DIRECTION('ref_axis',(1.,0.,0.));
#2317=DIRECTION('',(-1.,0.,0.));
#2318=DIRECTION('',(0.,1.,0.));
#2319=DIRECTION('',(1.,0.,0.));
#2320=DIRECTION('',(0.,1.,0.));
#2321=DIRECTION('',(-1.,0.,0.));
#2322=DIRECTION('',(0.,-1.,0.));
#2323=DIRECTION('',(1.,0.,0.));
#2324=DIRECTION('',(0.,1.,0.));
#2325=DIRECTION('center_axis',(1.,0.,0.));
#2326=DIRECTION('ref_axis',(0.,0.707106781186548,0.707106781186548));
#2327=DIRECTION('center_axis',(-1.,0.,6.59949064542868E-16));
#2328=DIRECTION('ref_axis',(4.6665445877598E-16,0.707106781186548,0.707106781186548));
#2329=DIRECTION('center_axis',(0.707106781186547,1.57009245868377E-15,0.707106781186548));
#2330=DIRECTION('ref_axis',(-0.707106781186548,1.57009245868377E-15,0.707106781186547));
#2331=DIRECTION('center_axis',(1.,0.,0.));
#2332=DIRECTION('ref_axis',(0.,0.,-1.));
#2333=DIRECTION('',(6.59949064542868E-16,0.,1.));
#2334=DIRECTION('',(0.,0.,-1.));
#2335=DIRECTION('center_axis',(0.,0.,-1.));
#2336=DIRECTION('ref_axis',(1.,0.,0.));
#2337=DIRECTION('',(-1.,0.,0.));
#2338=DIRECTION('',(0.,1.,0.));
#2339=DIRECTION('',(1.,0.,0.));
#2340=DIRECTION('',(0.,-1.,0.));
#2341=DIRECTION('center_axis',(-0.408248290463863,-0.816496580927726,0.408248290463864));
#2342=DIRECTION('ref_axis',(-0.577350269189627,0.577350269189625,0.577350269189625));
#2343=DIRECTION('center_axis',(0.,1.,0.));
#2344=DIRECTION('ref_axis',(0.,0.,1.));
#2345=DIRECTION('center_axis',(-1.,0.,0.));
#2346=DIRECTION('ref_axis',(0.,1.,0.));
#2347=DIRECTION('center_axis',(0.,0.,1.));
#2348=DIRECTION('ref_axis',(-1.,0.,0.));
#2349=DIRECTION('center_axis',(1.,0.,0.));
#2350=DIRECTION('ref_axis',(0.,0.707106781186548,0.707106781186548));
#2351=DIRECTION('center_axis',(-1.,0.,-4.44089209850063E-17));
#2352=DIRECTION('ref_axis',(-3.14018491736755E-17,0.707106781186548,0.707106781186548));
#2353=DIRECTION('center_axis',(-5.7745543147501E-16,0.,1.));
#2354=DIRECTION('ref_axis',(-0.707106781186547,0.707106781186548,-4.08322651428983E-16));
#2355=DIRECTION('',(-5.7745543147501E-16,0.,1.));
#2356=DIRECTION('center_axis',(0.,-1.,0.));
#2357=DIRECTION('ref_axis',(-0.707106781186547,0.,0.707106781186548));
#2358=DIRECTION('center_axis',(0.,-1.,0.));
#2359=DIRECTION('ref_axis',(-0.707106781186547,0.,0.707106781186548));
#2360=DIRECTION('',(0.,-1.,0.));
#2361=DIRECTION('center_axis',(1.,0.,4.44089209850063E-17));
#2362=DIRECTION('ref_axis',(4.44089209850063E-17,0.,-1.));
#2363=DIRECTION('',(4.44089209850063E-17,0.,-1.));
#2364=DIRECTION('',(4.44089209850063E-17,0.,-1.));
#2365=DIRECTION('center_axis',(-1.,0.,-4.44089209850063E-17));
#2366=DIRECTION('ref_axis',(3.14018491736755E-17,0.707106781186548,-0.707106781186548));
#2367=DIRECTION('center_axis',(-1.,0.,-4.44089209850063E-17));
#2368=DIRECTION('ref_axis',(4.44089209850063E-17,0.,-1.));
#2369=DIRECTION('center_axis',(-1.,0.,-4.44089209850063E-17));
#2370=DIRECTION('ref_axis',(4.44089209850063E-17,0.,-1.));
#2371=DIRECTION('center_axis',(-5.10702591327572E-16,0.,1.));
#2372=DIRECTION('ref_axis',(-0.707106781186547,0.707106781186548,-3.61121265497268E-16));
#2373=DIRECTION('',(-5.10702591327572E-16,0.,1.));
#2374=DIRECTION('center_axis',(-0.707106781186548,0.,0.707106781186548));
#2375=DIRECTION('ref_axis',(-0.707106781186547,0.,-0.707106781186547));
#2376=DIRECTION('center_axis',(-1.,0.,0.));
#2377=DIRECTION('ref_axis',(0.,0.707106781186548,-0.707106781186548));
#2378=DIRECTION('center_axis',(-1.,0.,0.));
#2379=DIRECTION('ref_axis',(0.,0.,-1.));
#2380=DIRECTION('',(-1.,0.,0.));
#2381=DIRECTION('center_axis',(-1.,0.,0.));
#2382=DIRECTION('ref_axis',(0.,0.,-1.));
#2383=DIRECTION('center_axis',(1.,0.,0.));
#2384=DIRECTION('ref_axis',(0.,0.,-1.));
#2385=DIRECTION('center_axis',(-1.,0.,0.));
#2386=DIRECTION('ref_axis',(0.,0.,-1.));
#2387=DIRECTION('',(-1.,0.,0.));
#2388=DIRECTION('center_axis',(-1.,0.,0.));
#2389=DIRECTION('ref_axis',(0.,0.,-1.));
#2390=DIRECTION('center_axis',(1.,0.,0.));
#2391=DIRECTION('ref_axis',(0.,0.,-1.));
#2392=DIRECTION('center_axis',(1.,0.,5.7745543147501E-16));
#2393=DIRECTION('ref_axis',(-5.7745543147501E-16,0.,1.));
#2394=DIRECTION('',(-5.7745543147501E-16,0.,1.));
#2395=DIRECTION('center_axis',(0.,-1.,0.));
#2396=DIRECTION('ref_axis',(0.,0.,-1.));
#2397=DIRECTION('center_axis',(-1.,0.,-5.10702591327572E-16));
#2398=DIRECTION('ref_axis',(-5.10702591327572E-16,0.,1.));
#2399=DIRECTION('',(-5.10702591327572E-16,0.,1.));
#2400=DIRECTION('center_axis',(0.,1.,0.));
#2401=DIRECTION('ref_axis',(1.,0.,0.));
#2402=DIRECTION('axis',(0.,0.,1.));
#2403=DIRECTION('refdir',(1.,0.,0.));
#2404=DIRECTION('center_axis',(0.,0.,1.));
#2405=DIRECTION('ref_axis',(-1.,0.,0.));
#2406=DIRECTION('',(1.,0.,0.));
#2407=DIRECTION('',(0.,-1.,0.));
#2408=DIRECTION('',(-1.,0.,0.));
#2409=DIRECTION('',(0.,-1.,0.));
#2410=DIRECTION('center_axis',(0.,1.,0.));
#2411=DIRECTION('ref_axis',(1.,0.,0.));
#2412=DIRECTION('',(0.,0.,-1.));
#2413=DIRECTION('',(1.,0.,0.));
#2414=DIRECTION('',(0.,0.,-1.));
#2415=DIRECTION('center_axis',(0.,0.,-1.));
#2416=DIRECTION('ref_axis',(-1.,0.,0.));
#2417=DIRECTION('',(-8.19563865661349E-7,-0.999999999999664,0.));
#2418=DIRECTION('',(0.,-1.,0.));
#2419=DIRECTION('',(-1.,0.,0.));
#2420=DIRECTION('',(-1.49011611938475E-7,0.999999999999989,0.));
#2421=DIRECTION('',(0.,-1.,0.));
#2422=DIRECTION('',(1.,0.,0.));
#2423=DIRECTION('center_axis',(0.,0.,-1.));
#2424=DIRECTION('ref_axis',(-1.,0.,0.));
#2425=DIRECTION('',(-1.,0.,0.));
#2426=DIRECTION('',(0.,1.,0.));
#2427=DIRECTION('',(0.,1.,0.));
#2428=DIRECTION('center_axis',(0.,1.,0.));
#2429=DIRECTION('ref_axis',(1.,0.,0.));
#2430=DIRECTION('',(1.,0.,0.));
#2431=DIRECTION('',(0.,0.,-1.));
#2432=DIRECTION('',(0.,0.,-1.));
#2433=DIRECTION('center_axis',(-1.,0.,0.));
#2434=DIRECTION('ref_axis',(0.,1.,0.));
#2435=DIRECTION('',(0.,1.,0.));
#2436=DIRECTION('',(0.,0.,-1.));
#2437=DIRECTION('',(0.,0.,-1.));
#2438=DIRECTION('',(0.,0.,-1.));
#2439=DIRECTION('center_axis',(0.,-1.,0.));
#2440=DIRECTION('ref_axis',(-1.,0.,0.));
#2441=DIRECTION('',(0.,0.,-1.));
#2442=DIRECTION('center_axis',(0.999999999999664,-8.19563865661349E-7,0.));
#2443=DIRECTION('ref_axis',(-8.19563865661349E-7,-0.999999999999664,0.));
#2444=DIRECTION('',(-8.19563865661349E-7,-0.999999999999664,0.));
#2445=DIRECTION('',(0.,0.,-1.));
#2446=DIRECTION('',(0.,0.,-1.));
#2447=DIRECTION('center_axis',(0.,-1.,0.));
#2448=DIRECTION('ref_axis',(-1.,0.,0.));
#2449=DIRECTION('',(-1.,0.,0.));
#2450=DIRECTION('',(0.,0.,-1.));
#2451=DIRECTION('',(0.,0.,-1.));
#2452=DIRECTION('center_axis',(1.,0.,0.));
#2453=DIRECTION('ref_axis',(0.,-1.,0.));
#2454=DIRECTION('',(0.,1.,0.));
#2455=DIRECTION('center_axis',(-0.999999999999989,-1.49011611938475E-7,
0.));
#2456=DIRECTION('ref_axis',(-1.49011611938475E-7,0.999999999999989,0.));
#2457=DIRECTION('',(-1.49011611938475E-7,0.999999999999989,0.));
#2458=DIRECTION('center_axis',(0.,0.,-1.));
#2459=DIRECTION('ref_axis',(1.,0.,0.));
#2460=DIRECTION('',(0.,0.,1.));
#2461=DIRECTION('',(1.,0.,0.));
#2462=DIRECTION('',(0.,0.,1.));
#2463=DIRECTION('',(1.,0.,0.));
#2464=DIRECTION('',(0.,0.,1.));
#2465=DIRECTION('',(1.,0.,0.));
#2466=DIRECTION('',(8.32667268468864E-16,-1.,-2.22044604925034E-16));
#2467=DIRECTION('',(1.79023462720805E-15,-2.4980018054066E-16,1.));
#2468=DIRECTION('',(0.,0.,1.));
#2469=DIRECTION('',(1.,0.,0.));
#2470=CARTESIAN_POINT('',(0.,0.,0.));
#2471=CARTESIAN_POINT('',(0.,0.,0.));
#2472=CARTESIAN_POINT('',(0.,0.,0.));
#2473=CARTESIAN_POINT('Origin',(-0.199999999999999,1.175,1.8));
#2474=CARTESIAN_POINT('',(-0.199999999999999,1.175,1.8));
#2475=CARTESIAN_POINT('',(-0.100000001206509,1.17499999997362,1.8));
#2476=CARTESIAN_POINT('',(2.22499999978894,1.17499999936024,1.8));
#2477=CARTESIAN_POINT('',(-0.199999999999999,1.175,0.1));
#2478=CARTESIAN_POINT('',(-0.2,1.175,0.9));
#2479=CARTESIAN_POINT('',(-0.100000001206509,1.17499999997362,0.1));
#2480=CARTESIAN_POINT('',(-0.199999999999999,1.175,0.1));
#2481=CARTESIAN_POINT('',(-0.1,1.17499999997362,1.7));
#2482=CARTESIAN_POINT('',(-0.1,1.17499999997362,0.9));
#2483=CARTESIAN_POINT('',(-0.100000001185614,1.17499999997362,1.8));
#2484=CARTESIAN_POINT('Origin',(4.65,2.775,1.8));
#2485=CARTESIAN_POINT('',(2.95000003874302,0.100000001490116,1.8));
#2486=CARTESIAN_POINT('',(-0.200000002980232,0.100000001490116,1.8));
#2487=CARTESIAN_POINT('',(2.27499999925494,0.100000001490116,1.8));
#2488=CARTESIAN_POINT('',(-0.199999999999999,0.,1.8));
#2489=CARTESIAN_POINT('',(-0.199999999999999,5.55,1.8));
#2490=CARTESIAN_POINT('',(2.95000003874302,0.,1.8));
#2491=CARTESIAN_POINT('',(9.1,0.,1.8));
#2492=CARTESIAN_POINT('',(2.95000003874302,1.43750000074506,1.8));
#2493=CARTESIAN_POINT('Origin',(4.65,2.775,1.8));
#2494=CARTESIAN_POINT('',(-0.100000001048217,1.77499999997362,1.8));
#2495=CARTESIAN_POINT('',(-0.100000001117587,1.43750000136054,1.8));
#2496=CARTESIAN_POINT('',(-0.100000000467814,3.97499999997362,1.8));
#2497=CARTESIAN_POINT('',(-0.100000000467814,3.97499999997362,1.8));
#2498=CARTESIAN_POINT('',(-0.100000000025914,5.65000000069971,1.8));
#2499=CARTESIAN_POINT('',(-0.100000001117587,1.43750000136054,1.8));
#2500=CARTESIAN_POINT('',(2.60000003874302,5.65,1.8));
#2501=CARTESIAN_POINT('',(2.27500000035957,5.65000000008422,1.8));
#2502=CARTESIAN_POINT('',(2.95000003874302,5.65,1.8));
#2503=CARTESIAN_POINT('',(3.62500001937151,5.65,1.8));
#2504=CARTESIAN_POINT('',(2.95000003874302,5.75,1.8));
#2505=CARTESIAN_POINT('',(2.95000003874302,4.2625,1.8));
#2506=CARTESIAN_POINT('',(-0.199999999999999,5.75,1.8));
#2507=CARTESIAN_POINT('',(5.95000001937151,5.75,1.8));
#2508=CARTESIAN_POINT('',(-0.199999999999999,5.55,1.8));
#2509=CARTESIAN_POINT('Origin',(-0.100000001464201,0.100000001490116,1.8));
#2510=CARTESIAN_POINT('',(-0.1,1.77499999997362,1.7));
#2511=CARTESIAN_POINT('',(-0.1,4.1625,1.7));
#2512=CARTESIAN_POINT('',(-0.100000001030124,1.77499999997362,1.8));
#2513=CARTESIAN_POINT('Origin',(-0.1,5.55,0.));
#2514=CARTESIAN_POINT('',(-0.0999999999999998,5.65,0.1));
#2515=CARTESIAN_POINT('',(-0.0999999999999996,4.1625,0.1));
#2516=CARTESIAN_POINT('',(-0.0999999999999998,5.65,1.7));
#2517=CARTESIAN_POINT('',(-0.1,5.65,0.85));
#2518=CARTESIAN_POINT('',(-0.1,3.97499999997362,1.7));
#2519=CARTESIAN_POINT('',(-0.1,4.1625,1.7));
#2520=CARTESIAN_POINT('',(-0.100000000459992,3.97499999997362,1.8));
#2521=CARTESIAN_POINT('Origin',(9.3,5.65,0.));
#2522=CARTESIAN_POINT('',(9.9,5.65,0.1));
#2523=CARTESIAN_POINT('',(9.2,5.65,0.1));
#2524=CARTESIAN_POINT('',(9.9,5.65,1.7));
#2525=CARTESIAN_POINT('',(9.9,5.65,0.));
#2526=CARTESIAN_POINT('',(2.95000003874302,5.65,1.7));
#2527=CARTESIAN_POINT('',(6.975,5.65,1.7));
#2528=CARTESIAN_POINT('',(2.95000003874302,5.65,1.8));
#2529=CARTESIAN_POINT('',(2.60000003874302,5.65,1.7));
#2530=CARTESIAN_POINT('',(2.60000003874302,5.65,1.8));
#2531=CARTESIAN_POINT('',(6.975,5.65,1.7));
#2532=CARTESIAN_POINT('Origin',(4.65,2.775,1.7));
#2533=CARTESIAN_POINT('',(2.95000003874302,0.1,1.7));
#2534=CARTESIAN_POINT('',(2.95000003874302,4.2125,1.7));
#2535=CARTESIAN_POINT('',(9.9,0.1,1.7));
#2536=CARTESIAN_POINT('',(9.9,1.3875,1.7));
#2537=CARTESIAN_POINT('',(9.2,0.1,1.7));
#2538=CARTESIAN_POINT('Origin',(0.,0.1,0.));
#2539=CARTESIAN_POINT('',(2.95000003874302,0.100000001490116,1.8));
#2540=CARTESIAN_POINT('',(9.9,0.1,0.1));
#2541=CARTESIAN_POINT('',(9.9,0.1,0.));
#2542=CARTESIAN_POINT('',(-0.200000002980232,0.100000001490116,0.1));
#2543=CARTESIAN_POINT('',(2.325,0.1,0.1));
#2544=CARTESIAN_POINT('',(-0.2,0.100000001490116,0.9));
#2545=CARTESIAN_POINT('Origin',(6.8000001013279,4.275,-0.0499999999999998));
#2546=CARTESIAN_POINT('',(6.8000001013279,4.275,-0.0499999999999998));
#2547=CARTESIAN_POINT('',(2.30000001937151,4.275,-0.0499999999999998));
#2548=CARTESIAN_POINT('',(5.72500005066395,4.275,-0.05));
#2549=CARTESIAN_POINT('',(6.8000001013279,4.275,1.80411241501588E-16));
#2550=CARTESIAN_POINT('',(6.8000001013279,4.275,-0.0499999999999998));
#2551=CARTESIAN_POINT('',(2.30000001937151,4.275,1.80411241501588E-16));
#2552=CARTESIAN_POINT('',(2.30000001937151,4.275,1.80411241501588E-16));
#2553=CARTESIAN_POINT('',(2.30000001937151,4.275,-0.0499999999999998));
#2554=CARTESIAN_POINT('Origin',(6.80000001937151,4.175,-0.0499999999999998));
#2555=CARTESIAN_POINT('',(6.80000001937151,4.175,-0.0499999999999998));
#2556=CARTESIAN_POINT('',(6.79999944567608,3.47499911896931,-0.05));
#2557=CARTESIAN_POINT('',(6.80000001937151,4.175,1.80411241501588E-16));
#2558=CARTESIAN_POINT('',(6.80000001937151,4.175,-0.0499999999999998));
#2559=CARTESIAN_POINT('',(6.8000001013279,4.275,1.80411241501588E-16));
#2560=CARTESIAN_POINT('Origin',(6.80000001937151,1.475,-0.0499999999999998));
#2561=CARTESIAN_POINT('',(6.80000001937151,1.475,-0.0499999999999998));
#2562=CARTESIAN_POINT('',(6.80000001937151,2.125,-0.05));
#2563=CARTESIAN_POINT('',(6.80000001937151,1.475,1.80411241501588E-16));
#2564=CARTESIAN_POINT('',(6.80000001937151,1.475,-0.0499999999999998));
#2565=CARTESIAN_POINT('',(6.80000001937151,4.175,1.80411241501588E-16));
#2566=CARTESIAN_POINT('Origin',(2.30000003427267,1.475,-0.0499999999999998));
#2567=CARTESIAN_POINT('',(2.30000003427267,1.475,-0.0499999999999998));
#2568=CARTESIAN_POINT('',(3.47500001713634,1.475,-0.05));
#2569=CARTESIAN_POINT('',(2.30000003427267,1.475,1.80411241501588E-16));
#2570=CARTESIAN_POINT('',(2.30000003427267,1.475,-0.0499999999999998));
#2571=CARTESIAN_POINT('',(6.80000001937151,1.475,1.80411241501588E-16));
#2572=CARTESIAN_POINT('Origin',(2.30000001937151,4.275,-0.0499999999999998));
#2573=CARTESIAN_POINT('',(2.30000002336289,3.52499999374683,-0.05));
#2574=CARTESIAN_POINT('',(2.30000003427267,1.475,1.80411241501588E-16));
#2575=CARTESIAN_POINT('Origin',(4.5500000603497,2.875,1.80411241501588E-16));
#2576=CARTESIAN_POINT('Origin',(3.05000003874302,0.100000001490116,2.20000003278255));
#2577=CARTESIAN_POINT('',(3.05000003874302,0.100000001490116,1.8));
#2578=CARTESIAN_POINT('',(3.05000003874302,0.100000001490116,2.20000003278255));
#2579=CARTESIAN_POINT('',(3.05000003874302,0.100000001490116,2.00000001639128));
#2580=CARTESIAN_POINT('',(3.05000003874302,5.65000000149012,1.8));
#2581=CARTESIAN_POINT('',(3.05000003874302,1.43750000074506,1.8));
#2582=CARTESIAN_POINT('',(3.05000003874302,5.65000000149012,2.20000003278255));
#2583=CARTESIAN_POINT('',(3.05000003874302,5.65,2.00000001639128));
#2584=CARTESIAN_POINT('',(3.05000003874302,0.100000001490116,2.20000003278255));
#2585=CARTESIAN_POINT('Origin',(2.95000003874302,0.100000001490116,2.20000003278255));
#2586=CARTESIAN_POINT('',(2.95000003874302,0.100000001490116,2.20000003278255));
#2587=CARTESIAN_POINT('',(6.07500001937151,0.100000001490116,2.20000003278255));
#2588=CARTESIAN_POINT('',(2.95000003874302,5.65000000149012,2.20000003278255));
#2589=CARTESIAN_POINT('',(2.77500003874302,5.65,2.20000003278255));
#2590=CARTESIAN_POINT('',(2.95000003874302,0.100000001490116,2.20000003278255));
#2591=CARTESIAN_POINT('Origin',(2.60000003874302,5.65,1.8));
#2592=CARTESIAN_POINT('',(9.9,5.65,1.8));
#2593=CARTESIAN_POINT('',(3.62500001937151,5.65,1.8));
#2594=CARTESIAN_POINT('',(9.9,5.65,2.5));
#2595=CARTESIAN_POINT('',(9.9,5.65,1.8));
#2596=CARTESIAN_POINT('',(2.95000003874302,5.65,2.5));
#2597=CARTESIAN_POINT('',(2.60000003874302,5.65,2.5));
#2598=CARTESIAN_POINT('',(2.95000003874302,5.65,1.8));
#2599=CARTESIAN_POINT('Origin',(2.95000003874302,0.100000001490116,1.8));
#2600=CARTESIAN_POINT('',(2.95000003874302,0.,2.5));
#2601=CARTESIAN_POINT('',(2.95000003874302,0.,0.9));
#2602=CARTESIAN_POINT('',(2.95000003874302,0.100000001490116,2.5));
#2603=CARTESIAN_POINT('',(2.95000003874302,0.0750000011175871,2.5));
#2604=CARTESIAN_POINT('',(2.95000003874302,0.100000001490116,1.8));
#2605=CARTESIAN_POINT('',(2.95000003874302,5.75,2.5));
#2606=CARTESIAN_POINT('',(2.95000003874302,5.725,2.5));
#2607=CARTESIAN_POINT('',(2.95000003874302,5.75,0.9));
#2608=CARTESIAN_POINT('Origin',(5.90000001937151,5.7,2.5));
#2609=CARTESIAN_POINT('',(9.9,5.75,2.5));
#2610=CARTESIAN_POINT('',(9.9,0.,2.5));
#2611=CARTESIAN_POINT('',(9.2,5.75,2.5));
#2612=CARTESIAN_POINT('Origin',(0.,0.,0.));
#2613=CARTESIAN_POINT('',(-0.2,0.,-0.05));
#2614=CARTESIAN_POINT('',(-0.2,0.,0.));
#2615=CARTESIAN_POINT('',(9.9,0.,-0.05));
#2616=CARTESIAN_POINT('',(9.2,0.,-0.05));
#2617=CARTESIAN_POINT('',(9.9,0.,2.5));
#2618=CARTESIAN_POINT('',(9.9,0.,1.8));
#2619=CARTESIAN_POINT('',(-0.199999999999999,0.,2.5));
#2620=CARTESIAN_POINT('Origin',(4.65,2.775,1.8));
#2621=CARTESIAN_POINT('',(9.9,0.100000001490116,1.8));
#2622=CARTESIAN_POINT('',(9.2,0.100000001490116,1.8));
#2623=CARTESIAN_POINT('',(9.9,2.65,1.8));
#2624=CARTESIAN_POINT('',(9.9,5.55,1.8));
#2625=CARTESIAN_POINT('',(9.80000013709068,2.65,1.8));
#2626=CARTESIAN_POINT('',(6.92500006854534,2.65,1.8));
#2627=CARTESIAN_POINT('',(9.80000013709068,4.15,1.8));
#2628=CARTESIAN_POINT('',(9.80000013709068,3.4625,1.8));
#2629=CARTESIAN_POINT('',(9.9,4.15,1.8));
#2630=CARTESIAN_POINT('',(6.975,4.15,1.8));
#2631=CARTESIAN_POINT('',(9.9,5.55,1.8));
#2632=CARTESIAN_POINT('Origin',(9.0111315,1.99489042507382,-0.05));
#2633=CARTESIAN_POINT('',(8.8904815,1.99489042507382,-0.05));
#2634=CARTESIAN_POINT('Origin',(9.0111315,1.99489042507382,-0.05));
#2635=CARTESIAN_POINT('',(8.8904815,1.99489042507382,0.1));
#2636=CARTESIAN_POINT('',(8.8904815,1.99489042507382,-0.05));
#2637=CARTESIAN_POINT('Origin',(9.0111315,1.99489042507382,0.1));
#2638=CARTESIAN_POINT('Origin',(9.0111315,3.75510957492619,-0.05));
#2639=CARTESIAN_POINT('',(8.8904815,3.75510957492619,-0.05));
#2640=CARTESIAN_POINT('Origin',(9.0111315,3.75510957492619,-0.05));
#2641=CARTESIAN_POINT('',(8.8904815,3.75510957492619,0.1));
#2642=CARTESIAN_POINT('',(8.8904815,3.75510957492619,-0.05));
#2643=CARTESIAN_POINT('Origin',(9.0111315,3.75510957492619,0.1));
#2644=CARTESIAN_POINT('Origin',(7.486737,2.875,-0.05));
#2645=CARTESIAN_POINT('',(7.366087,2.875,-0.05));
#2646=CARTESIAN_POINT('Origin',(7.486737,2.875,-0.05));
#2647=CARTESIAN_POINT('',(7.366087,2.875,0.1));
#2648=CARTESIAN_POINT('',(7.366087,2.875,-0.05));
#2649=CARTESIAN_POINT('Origin',(7.486737,2.875,0.1));
#2650=CARTESIAN_POINT('Origin',(9.80000013709068,4.15,1.8));
#2651=CARTESIAN_POINT('',(9.80000013709068,2.65,2.3));
#2652=CARTESIAN_POINT('',(9.80000013709068,2.65,1.8));
#2653=CARTESIAN_POINT('',(9.80000013709068,4.15,2.3));
#2654=CARTESIAN_POINT('',(9.80000013709068,3.775,2.3));
#2655=CARTESIAN_POINT('',(9.80000013709068,4.15,1.8));
#2656=CARTESIAN_POINT('Origin',(9.3,4.15,1.8));
#2657=CARTESIAN_POINT('',(9.9,4.15,2.3));
#2658=CARTESIAN_POINT('',(9.3,4.15,2.3));
#2659=CARTESIAN_POINT('',(9.9,4.15,1.8));
#2660=CARTESIAN_POINT('Origin',(9.25000006854534,3.4,2.3));
#2661=CARTESIAN_POINT('',(9.9,2.65,2.3));
#2662=CARTESIAN_POINT('',(9.3,2.65,2.3));
#2663=CARTESIAN_POINT('',(9.9,5.65,2.3));
#2664=CARTESIAN_POINT('Origin',(9.9,0.,0.));
#2665=CARTESIAN_POINT('',(9.9,5.75,-0.05));
#2666=CARTESIAN_POINT('',(9.9,5.75,1.8));
#2667=CARTESIAN_POINT('',(9.9,2.65,1.8));
#2668=CARTESIAN_POINT('',(9.9,0.100000001490116,2.5));
#2669=CARTESIAN_POINT('',(9.9,0.100000001490116,1.8));
#2670=CARTESIAN_POINT('',(9.9,0.,2.5));
#2671=CARTESIAN_POINT('',(9.9,1.3875,-0.05));
#2672=CARTESIAN_POINT('',(9.9,1.3875,0.1));
#2673=CARTESIAN_POINT('Origin',(9.20000013709068,2.65,1.8));
#2674=CARTESIAN_POINT('Origin',(-0.2,5.55,0.));
#2675=CARTESIAN_POINT('',(-0.2,5.75,-0.05));
#2676=CARTESIAN_POINT('',(-0.2,5.75,0.));
#2677=CARTESIAN_POINT('',(-0.2,5.55,-0.05));
#2678=CARTESIAN_POINT('',(-0.2,3.09375000037253,0.1));
#2679=CARTESIAN_POINT('Origin',(9.2,0.100000001490116,1.8));
#2680=CARTESIAN_POINT('',(9.2,0.100000001490116,2.5));
#2681=CARTESIAN_POINT('Origin',(5.90000001937151,0.0500000007450581,2.5));
#2682=CARTESIAN_POINT('Origin',(-0.100000000025914,5.65000000069971,1.8));
#2683=CARTESIAN_POINT('',(-0.100000000025914,5.65000000069971,1.8));
#2684=CARTESIAN_POINT('Origin',(-0.100000001464201,0.100000001490116,1.8));
#2685=CARTESIAN_POINT('Origin',(4.65,2.775,-0.05));
#2686=CARTESIAN_POINT('',(0.,5.75,-0.05));
#2687=CARTESIAN_POINT('Origin',(4.65,2.775,0.1));
#2688=CARTESIAN_POINT('Origin',(9.3,5.75,0.));
#2689=CARTESIAN_POINT('',(0.,0.,0.));
#2690=CARTESIAN_POINT('Origin',(-0.100000000850892,1.77499999997362,-0.150000002235174));
#2691=CARTESIAN_POINT('',(0.0500000014901161,1.77499999997362,-1.05000001564622));
#2692=CARTESIAN_POINT('',(0.0500000014901161,1.77499999997362,-0.15));
#2693=CARTESIAN_POINT('',(0.0500000014901161,1.77499999997362,-0.150000001117587));
#2694=CARTESIAN_POINT('',(-0.100000000850892,1.77499999997362,-1.05000001564622));
#2695=CARTESIAN_POINT('',(-0.100000000850892,1.77499999997362,-1.05000001564622));
#2696=CARTESIAN_POINT('',(-0.100000000850892,1.77499999997362,-0.150000002235174));
#2697=CARTESIAN_POINT('',(-0.100000001048217,1.77499999997362,-0.05));
#2698=CARTESIAN_POINT('',(-0.100000000850892,1.77499999997362,-0.150000002235174));
#2699=CARTESIAN_POINT('Origin',(-0.100000000850892,3.975,-1.05000001564622));
#2700=CARTESIAN_POINT('',(0.0500000014901161,3.975,-0.150000002235174));
#2701=CARTESIAN_POINT('',(0.0500000014901161,3.975,-1.05000001564622));
#2702=CARTESIAN_POINT('',(0.0500000014901161,3.975,-0.60000000782311));
#2703=CARTESIAN_POINT('',(-0.100000000850892,3.975,-0.150000002235174));
#2704=CARTESIAN_POINT('',(-0.100000000850892,3.975,-0.150000002235174));
#2705=CARTESIAN_POINT('',(-0.100000000850892,3.975,-1.05000001564622));
#2706=CARTESIAN_POINT('',(-0.10000000129279,3.975,-0.55000000782311));
#2707=CARTESIAN_POINT('',(-0.100000000850892,3.975,-1.05000001564622));
#2708=CARTESIAN_POINT('Origin',(0.100000001490116,5.75,-1.05));
#2709=CARTESIAN_POINT('',(0.0500000014901161,0.,-1.05));
#2710=CARTESIAN_POINT('',(0.0500000014901161,5.75,-1.05));
#2711=CARTESIAN_POINT('',(1.15000001937151,0.,-1.05));
#2712=CARTESIAN_POINT('',(1.20000001937151,0.,-1.05));
#2713=CARTESIAN_POINT('',(1.15000001937151,5.75,-1.05));
#2714=CARTESIAN_POINT('',(1.15000001937151,5.75,-1.05));
#2715=CARTESIAN_POINT('',(0.0500000014901161,5.75,-1.05));
#2716=CARTESIAN_POINT('',(0.500000008940697,5.75,-1.05));
#2717=CARTESIAN_POINT('',(0.0500000014901161,5.75,-1.05));
#2718=CARTESIAN_POINT('',(-0.100000001048217,1.77499999997362,-1.05000001564622));
#2719=CARTESIAN_POINT('Origin',(0.0500000014901161,5.75,-0.15));
#2720=CARTESIAN_POINT('',(0.0500000014901161,0.,-0.15));
#2721=CARTESIAN_POINT('',(0.0500000014901161,5.75,-0.15));
#2722=CARTESIAN_POINT('',(0.0500000014901161,0.,-0.1));
#2723=CARTESIAN_POINT('Origin',(0.100000001490116,0.,-0.15));
#2724=CARTESIAN_POINT('',(0.0500000014901161,5.75,-0.15));
#2725=CARTESIAN_POINT('',(0.0500000014901161,5.75,-0.15));
#2726=CARTESIAN_POINT('',(0.100000001490116,5.75,-0.15));
#2727=CARTESIAN_POINT('',(0.,5.75,-0.15));
#2728=CARTESIAN_POINT('',(0.100000001490116,0.,-0.15));
#2729=CARTESIAN_POINT('',(0.100000001490116,5.75,-0.15));
#2730=CARTESIAN_POINT('',(0.700000010430813,0.,-0.15));
#2731=CARTESIAN_POINT('',(-0.100000001170504,2.87499999998681,-0.150000002235174));
#2732=CARTESIAN_POINT('Origin',(0.0500000014901161,5.75,-0.15));
#2733=CARTESIAN_POINT('',(0.0500000014901161,5.75,-0.1));
#2734=CARTESIAN_POINT('Origin',(-0.100000001490116,5.75,-0.05));
#2735=CARTESIAN_POINT('',(1.30000001937151,5.75,-0.05));
#2736=CARTESIAN_POINT('',(-0.100000001490116,5.75,-0.05));
#2737=CARTESIAN_POINT('',(1.30000001937151,5.75,-0.05));
#2738=CARTESIAN_POINT('',(1.30000001937151,5.75,-1.2));
#2739=CARTESIAN_POINT('',(1.30000001937151,5.75,-0.05));
#2740=CARTESIAN_POINT('',(-0.100000001490116,5.75,-1.2));
#2741=CARTESIAN_POINT('',(1.30000001937151,5.75,-1.2));
#2742=CARTESIAN_POINT('',(-0.100000001490116,5.75,-0.05));
#2743=CARTESIAN_POINT('',(1.15000001937151,5.75,-0.150000002235174));
#2744=CARTESIAN_POINT('',(1.15000001937151,5.75,-0.55));
#2745=CARTESIAN_POINT('',(1.10000001937151,5.75,-0.150000002235174));
#2746=CARTESIAN_POINT('',(0.500000008940697,5.75,-0.150000002235174));
#2747=CARTESIAN_POINT('',(0.500000008828938,5.75,-0.15000000089407));
#2748=CARTESIAN_POINT('Origin',(1.10000001937151,5.75,-0.150000002235174));
#2749=CARTESIAN_POINT('',(1.10000001937151,0.,-0.150000002235174));
#2750=CARTESIAN_POINT('',(1.10000001937151,5.75,-0.150000002235174));
#2751=CARTESIAN_POINT('',(1.15000001937151,0.,-0.150000002235174));
#2752=CARTESIAN_POINT('',(1.15000001937151,5.75,-0.150000002235174));
#2753=CARTESIAN_POINT('',(1.20000001937151,0.,-0.150000002235174));
#2754=CARTESIAN_POINT('Origin',(1.15000001937151,5.75,-1.05));
#2755=CARTESIAN_POINT('',(1.15000001937151,0.,-0.55));
#2756=CARTESIAN_POINT('Origin',(1.10000001937151,5.75,-0.150000002235174));
#2757=CARTESIAN_POINT('',(1.20000001925975,0.,-0.150000002458692));
#2758=CARTESIAN_POINT('Origin',(0.600000008940697,2.875,-1.2));
#2759=CARTESIAN_POINT('',(1.30000001937151,0.,-1.2));
#2760=CARTESIAN_POINT('',(1.30000001937151,0.,-1.2));
#2761=CARTESIAN_POINT('',(-0.100000001048217,0.,-1.2));
#2762=CARTESIAN_POINT('',(-0.100000001048217,0.,-1.2));
#2763=CARTESIAN_POINT('',(-0.100000001048217,1.77499999997362,-1.2));
#2764=CARTESIAN_POINT('',(-0.100000001048217,1.77499999997362,-1.2));
#2765=CARTESIAN_POINT('',(-0.100000001490116,5.75,-1.2));
#2766=CARTESIAN_POINT('Origin',(-0.100000001048217,1.77499999997362,-0.05));
#2767=CARTESIAN_POINT('',(-0.100000001048217,1.77499999997362,-0.05));
#2768=CARTESIAN_POINT('',(-0.100000001048217,1.77499999997362,-0.05));
#2769=CARTESIAN_POINT('',(-0.100000001490116,5.75,-0.05));
#2770=CARTESIAN_POINT('',(-0.100000001048217,1.77499999997362,-0.05));
#2771=CARTESIAN_POINT('Origin',(-0.100000001048217,0.,-0.05));
#2772=CARTESIAN_POINT('',(-0.100000001048217,0.,-0.05));
#2773=CARTESIAN_POINT('',(-0.100000001048217,1.77499999997362,-0.05));
#2774=CARTESIAN_POINT('',(-0.100000001048217,0.,-0.05));
#2775=CARTESIAN_POINT('Origin',(1.30000001937151,0.,-0.05));
#2776=CARTESIAN_POINT('',(1.30000001937151,0.,-0.05));
#2777=CARTESIAN_POINT('',(-0.100000001048217,0.,-0.05));
#2778=CARTESIAN_POINT('',(1.30000001937151,0.,-0.05));
#2779=CARTESIAN_POINT('Origin',(1.30000001937151,5.75,-0.05));
#2780=CARTESIAN_POINT('',(1.30000001937151,0.,-0.05));
#2781=CARTESIAN_POINT('Origin',(0.600000008940697,2.875,-0.05));
#2782=CARTESIAN_POINT('',(0.,0.,0.));
#2783=CARTESIAN_POINT('Origin',(-0.6,1.30000001937151,-1.1));
#2784=CARTESIAN_POINT('',(-0.150000000000002,1.3,1.6));
#2785=CARTESIAN_POINT('',(-0.150000000000002,1.3,1.19));
#2786=CARTESIAN_POINT('',(-0.150000000000002,1.3,0.595000000000001));
#2787=CARTESIAN_POINT('',(-0.600000000000002,1.3,1.6));
#2788=CARTESIAN_POINT('',(1.,1.30000001937151,1.6));
#2789=CARTESIAN_POINT('',(-0.6,1.30000001937151,-1.1));
#2790=CARTESIAN_POINT('',(-0.6,1.30000001937151,-1.09));
#2791=CARTESIAN_POINT('',(1.,1.30000001937151,-1.1));
#2792=CARTESIAN_POINT('',(-0.8,1.30000001937151,-1.1));
#2793=CARTESIAN_POINT('',(1.,1.3,1.19));
#2794=CARTESIAN_POINT('',(1.,1.30000001937151,-1.1));
#2795=CARTESIAN_POINT('',(0.5,1.3,1.19));
#2796=CARTESIAN_POINT('Origin',(-1.,1.3,-1.1));
#2797=CARTESIAN_POINT('',(-0.6,0.,-1.1));
#2798=CARTESIAN_POINT('',(-0.6,1.3,-1.1));
#2799=CARTESIAN_POINT('',(1.,0.,-1.1));
#2800=CARTESIAN_POINT('',(-0.5,0.,-1.1));
#2801=CARTESIAN_POINT('',(1.,1.3,-1.1));
#2802=CARTESIAN_POINT('Origin',(-0.900000000000002,1.3,1.6));
#2803=CARTESIAN_POINT('',(-0.900000000000002,1.3,1.6));
#2804=CARTESIAN_POINT('',(-0.500000000000002,1.3,1.6));
#2805=CARTESIAN_POINT('',(1.,1.3,1.6));
#2806=CARTESIAN_POINT('',(-0.500000000000002,1.3,1.6));
#2807=CARTESIAN_POINT('',(1.,1.45,1.6));
#2808=CARTESIAN_POINT('',(1.,1.45,1.6));
#2809=CARTESIAN_POINT('',(-0.900000000000002,1.45,1.6));
#2810=CARTESIAN_POINT('',(-0.500000000000002,1.45,1.6));
#2811=CARTESIAN_POINT('',(-0.900000000000002,1.3,1.6));
#2812=CARTESIAN_POINT('Origin',(-0.9,1.3,-1.6));
#2813=CARTESIAN_POINT('',(-0.9,1.3,-1.6));
#2814=CARTESIAN_POINT('',(-0.9,1.3,-1.25));
#2815=CARTESIAN_POINT('',(-0.9,1.45,-1.6));
#2816=CARTESIAN_POINT('',(-0.9,1.45,-1.25));
#2817=CARTESIAN_POINT('',(-0.9,1.3,-1.6));
#2818=CARTESIAN_POINT('Origin',(1.,1.3,-1.6));
#2819=CARTESIAN_POINT('',(1.,1.3,-1.6));
#2820=CARTESIAN_POINT('',(-0.500000000000002,1.3,-1.6));
#2821=CARTESIAN_POINT('',(1.,1.45,-1.6));
#2822=CARTESIAN_POINT('',(-0.500000000000002,1.45,-1.6));
#2823=CARTESIAN_POINT('',(1.,1.3,-1.6));
#2824=CARTESIAN_POINT('Origin',(-8.88178419700125E-16,1.45,1.33226762955019E-15));
#2825=CARTESIAN_POINT('',(1.,1.45,-1.1));
#2826=CARTESIAN_POINT('Origin',(1.,1.3,1.19));
#2827=CARTESIAN_POINT('',(-0.600000000000002,0.4,1.19));
#2828=CARTESIAN_POINT('',(-0.250000000000002,0.4,1.19));
#2829=CARTESIAN_POINT('',(0.224999999999999,0.4,1.19));
#2830=CARTESIAN_POINT('',(-0.250000000000002,1.2,1.19));
#2831=CARTESIAN_POINT('',(-0.250000000000002,1.3,1.19));
#2832=CARTESIAN_POINT('Origin',(-0.150000000000002,1.2,1.19));
#2833=CARTESIAN_POINT('',(1.,0.,1.19));
#2834=CARTESIAN_POINT('',(1.,0.65,1.19));
#2835=CARTESIAN_POINT('',(-0.6,0.,1.19));
#2836=CARTESIAN_POINT('',(0.5,0.,1.19));
#2837=CARTESIAN_POINT('',(-0.6,1.3,1.19));
#2838=CARTESIAN_POINT('Origin',(-1.,1.3,1.7));
#2839=CARTESIAN_POINT('',(-0.150000000000002,0.4,1.7));
#2840=CARTESIAN_POINT('',(-0.600000000000002,0.4,1.7));
#2841=CARTESIAN_POINT('',(-0.775000000000002,0.4,1.7));
#2842=CARTESIAN_POINT('',(-0.600000000000002,1.2,1.7));
#2843=CARTESIAN_POINT('',(-0.600000000000002,1.3,1.7));
#2844=CARTESIAN_POINT('',(-1.,1.2,1.7));
#2845=CARTESIAN_POINT('',(-0.500000000000002,1.2,1.7));
#2846=CARTESIAN_POINT('',(-1.,0.,1.7));
#2847=CARTESIAN_POINT('',(-1.,0.,1.7));
#2848=CARTESIAN_POINT('',(1.,0.,1.7));
#2849=CARTESIAN_POINT('',(-0.500000000000001,0.,1.7));
#2850=CARTESIAN_POINT('',(1.,1.2,1.7));
#2851=CARTESIAN_POINT('',(1.,0.,1.7));
#2852=CARTESIAN_POINT('',(-0.150000000000002,1.2,1.7));
#2853=CARTESIAN_POINT('',(-0.500000000000002,1.2,1.7));
#2854=CARTESIAN_POINT('',(-0.150000000000002,1.3,1.7));
#2855=CARTESIAN_POINT('Origin',(-0.500000000000002,1.2,1.6));
#2856=CARTESIAN_POINT('Origin',(-0.600000000000002,1.2,1.6));
#2857=CARTESIAN_POINT('Origin',(-0.900000000000002,1.2,1.6));
#2858=CARTESIAN_POINT('Origin',(-0.6,1.3,-1.08));
#2859=CARTESIAN_POINT('',(-0.600000000000002,0.4,1.19));
#2860=CARTESIAN_POINT('',(-0.6,0.,0.585000000000001));
#2861=CARTESIAN_POINT('Origin',(-1.,1.3,-1.7));
#2862=CARTESIAN_POINT('',(1.,1.2,-1.7));
#2863=CARTESIAN_POINT('',(-1.,1.2,-1.7));
#2864=CARTESIAN_POINT('',(-0.500000000000002,1.2,-1.7));
#2865=CARTESIAN_POINT('',(1.,0.,-1.7));
#2866=CARTESIAN_POINT('',(1.,0.6,-1.7));
#2867=CARTESIAN_POINT('',(-1.,0.,-1.7));
#2868=CARTESIAN_POINT('',(-0.500000000000001,0.,-1.7));
#2869=CARTESIAN_POINT('',(-1.,0.6,-1.7));
#2870=CARTESIAN_POINT('Origin',(-0.150000000000002,1.2,1.6));
#2871=CARTESIAN_POINT('',(-0.250000000000002,1.2,1.6));
#2872=CARTESIAN_POINT('Origin',(-0.150000000000002,1.2,1.6));
#2873=CARTESIAN_POINT('Origin',(-0.150000000000002,1.2,1.6));
#2874=CARTESIAN_POINT('Origin',(-0.150000000000002,1.2,1.6));
#2875=CARTESIAN_POINT('Origin',(-0.500000000000002,1.2,1.6));
#2876=CARTESIAN_POINT('Origin',(1.,1.2,1.6));
#2877=CARTESIAN_POINT('Origin',(-0.150000000000002,1.2,0.595000000000001));
#2878=CARTESIAN_POINT('',(-0.250000000000002,1.2,0.595000000000001));
#2879=CARTESIAN_POINT('Origin',(-0.150000000000002,1.3,1.6));
#2880=CARTESIAN_POINT('',(-0.250000000000002,0.4,1.6));
#2881=CARTESIAN_POINT('Origin',(-0.150000000000002,0.4,1.6));
#2882=CARTESIAN_POINT('',(-0.250000000000002,1.3,1.6));
#2883=CARTESIAN_POINT('Origin',(1.,0.,2.5));
#2884=CARTESIAN_POINT('',(1.,0.,2.5));
#2885=CARTESIAN_POINT('',(1.,0.,2.5));
#2886=CARTESIAN_POINT('Origin',(1.,1.2,-1.6));
#2887=CARTESIAN_POINT('',(1.,0.65,-1.26));
#2888=CARTESIAN_POINT('Origin',(1.,0.65,-1.345));
#2889=CARTESIAN_POINT('',(1.,0.65,1.52));
#2890=CARTESIAN_POINT('Origin',(1.,0.65,1.435));
#2891=CARTESIAN_POINT('Origin',(-0.9,1.2,-1.25));
#2892=CARTESIAN_POINT('',(-1.,1.2,-1.25));
#2893=CARTESIAN_POINT('Origin',(-0.9,1.2,-1.6));
#2894=CARTESIAN_POINT('Origin',(-0.500000000000002,1.2,-1.6));
#2895=CARTESIAN_POINT('Origin',(1.,0.65,1.435));
#2896=CARTESIAN_POINT('',(-0.21,0.65,1.52));
#2897=CARTESIAN_POINT('',(1.,0.65,1.52));
#2898=CARTESIAN_POINT('Origin',(-0.21,0.65,1.435));
#2899=CARTESIAN_POINT('Origin',(-0.21,0.65,1.435));
#2900=CARTESIAN_POINT('Origin',(1.,0.65,-1.345));
#2901=CARTESIAN_POINT('',(-0.21,0.65,-1.26));
#2902=CARTESIAN_POINT('',(1.,0.65,-1.26));
#2903=CARTESIAN_POINT('Origin',(-0.21,0.65,-1.345));
#2904=CARTESIAN_POINT('Origin',(-0.21,0.65,-1.345));
#2905=CARTESIAN_POINT('Origin',(-0.250000000000002,1.3,1.19));
#2906=CARTESIAN_POINT('',(-0.250000000000002,0.4,1.86291437128966));
#2907=CARTESIAN_POINT('Origin',(-0.400000000000002,0.4,1.52645718564483));
#2908=CARTESIAN_POINT('Origin',(-1.,0.,-2.5));
#2909=CARTESIAN_POINT('',(-1.,0.,-2.5));
#2910=CARTESIAN_POINT('Origin',(-8.88178419700125E-16,0.,1.33226762955019E-15));
#2911=CARTESIAN_POINT('',(0.,0.,0.));
#2912=CARTESIAN_POINT('Origin',(6.80000001937151,4.175,-1.9));
#2913=CARTESIAN_POINT('',(2.30000001937151,4.175,-1.9));
#2914=CARTESIAN_POINT('',(6.80000001937151,4.175,-1.9));
#2915=CARTESIAN_POINT('',(6.80000001937151,4.175,-1.9));
#2916=CARTESIAN_POINT('',(2.30000001937151,1.575,-1.9));
#2917=CARTESIAN_POINT('',(2.30000001937151,4.175,-1.9));
#2918=CARTESIAN_POINT('',(6.80000001937151,1.575,-1.9));
#2919=CARTESIAN_POINT('',(4.55000001937151,1.575,-1.9));
#2920=CARTESIAN_POINT('',(6.80000001937151,4.175,-1.9));
#2921=CARTESIAN_POINT('Origin',(2.30000001937151,1.575,-0.05));
#2922=CARTESIAN_POINT('',(2.30000001937151,1.575,-0.15));
#2923=CARTESIAN_POINT('',(2.30000001937151,1.575,-0.05));
#2924=CARTESIAN_POINT('',(6.80000001937151,1.575,-0.15));
#2925=CARTESIAN_POINT('',(4.55000001937151,1.575,-0.15));
#2926=CARTESIAN_POINT('',(6.80000001937151,1.575,-0.05));
#2927=CARTESIAN_POINT('Origin',(4.5500000603497,4.225,-2.05));
#2928=CARTESIAN_POINT('',(6.8000001013279,4.275,-2.05));
#2929=CARTESIAN_POINT('',(6.80000001937151,4.175,-2.05));
#2930=CARTESIAN_POINT('',(6.8000001013279,4.275,-2.05));
#2931=CARTESIAN_POINT('',(6.80000001937151,1.475,-2.05));
#2932=CARTESIAN_POINT('',(6.80000001937151,4.175,-2.05));
#2933=CARTESIAN_POINT('',(2.30000003427267,1.475,-2.05));
#2934=CARTESIAN_POINT('',(6.80000001937151,1.475,-2.05));
#2935=CARTESIAN_POINT('',(2.30000001937151,1.575,-2.05));
#2936=CARTESIAN_POINT('',(2.30000003427267,1.475,-2.05));
#2937=CARTESIAN_POINT('',(2.30000001937151,4.275,-2.05));
#2938=CARTESIAN_POINT('',(2.30000001937151,4.175,-2.05));
#2939=CARTESIAN_POINT('',(2.30000001937151,4.275,-2.05));
#2940=CARTESIAN_POINT('Origin',(6.80000001937151,1.575,-0.15));
#2941=CARTESIAN_POINT('',(6.80000001937151,4.175,-0.15));
#2942=CARTESIAN_POINT('',(2.30000001937151,4.175,-0.15));
#2943=CARTESIAN_POINT('',(6.80000001937151,4.175,-0.15));
#2944=CARTESIAN_POINT('',(6.80000001937151,1.575,-0.15));
#2945=CARTESIAN_POINT('',(2.30000001937151,1.575,-0.15));
#2946=CARTESIAN_POINT('Origin',(2.30000001937151,4.275,-0.05));
#2947=CARTESIAN_POINT('',(2.30000001937151,4.275,-0.05));
#2948=CARTESIAN_POINT('',(6.8000001013279,4.275,-0.05));
#2949=CARTESIAN_POINT('',(2.30000001937151,4.275,-0.05));
#2950=CARTESIAN_POINT('',(6.8000001013279,4.275,-0.05));
#2951=CARTESIAN_POINT('',(2.30000001937151,4.275,-0.05));
#2952=CARTESIAN_POINT('Origin',(2.30000001937151,4.175,-0.05));
#2953=CARTESIAN_POINT('',(2.30000001937151,1.575,-0.05));
#2954=CARTESIAN_POINT('',(2.30000001937151,1.575,-0.05));
#2955=CARTESIAN_POINT('',(2.30000001937151,1.575,-0.05));
#2956=CARTESIAN_POINT('',(2.30000001937151,4.175,-0.05));
#2957=CARTESIAN_POINT('',(2.30000001937151,1.575,-0.05));
#2958=CARTESIAN_POINT('Origin',(6.80000001937151,4.175,-0.05));
#2959=CARTESIAN_POINT('',(6.80000001937151,4.175,-0.05));
#2960=CARTESIAN_POINT('Origin',(6.8000001013279,4.275,-0.05));
#2961=CARTESIAN_POINT('',(6.80000001937151,4.175,-0.05));
#2962=CARTESIAN_POINT('',(6.8000001013279,4.275,-0.05));
#2963=CARTESIAN_POINT('',(6.80000001937151,4.175,-0.05));
#2964=CARTESIAN_POINT('',(6.80000001937151,4.175,-0.05));
#2965=CARTESIAN_POINT('Origin',(6.80000001937151,1.475,-0.05));
#2966=CARTESIAN_POINT('',(6.80000001937151,1.475,-0.05));
#2967=CARTESIAN_POINT('',(2.30000003427267,1.475,-0.05));
#2968=CARTESIAN_POINT('',(6.80000001937151,1.475,-0.05));
#2969=CARTESIAN_POINT('',(2.30000003427267,1.475,-0.05));
#2970=CARTESIAN_POINT('',(6.80000001937151,1.475,-0.05));
#2971=CARTESIAN_POINT('Origin',(6.80000001937151,1.575,-0.05));
#2972=CARTESIAN_POINT('',(6.80000001937151,1.575,-0.05));
#2973=CARTESIAN_POINT('Origin',(2.30000003427267,1.475,-0.05));
#2974=CARTESIAN_POINT('',(2.30000003427267,1.475,-0.05));
#2975=CARTESIAN_POINT('Origin',(4.55000001937151,1.525,-0.05));
#2976=CARTESIAN_POINT('',(0.,0.,0.));
#2977=CARTESIAN_POINT('',(0.,0.,0.));
#2978=CARTESIAN_POINT('',(0.,0.,0.));
#2979=CARTESIAN_POINT('',(-0.200000000000002,2.875,0.800000000000001));
#2980=CARTESIAN_POINT('',(0.,0.,0.));
#2981=UNCERTAINTY_MEASURE_WITH_UNIT(LENGTH_MEASURE(0.001),#2995,
'DISTANCE_ACCURACY_VALUE',
'Maximum model space distance between geometric entities at asserted c
onnectivities');
#2982=UNCERTAINTY_MEASURE_WITH_UNIT(LENGTH_MEASURE(0.001),#2995,
'DISTANCE_ACCURACY_VALUE',
'Maximum model space distance between geometric entities at asserted c
onnectivities');
#2983=UNCERTAINTY_MEASURE_WITH_UNIT(LENGTH_MEASURE(0.001),#2995,
'DISTANCE_ACCURACY_VALUE',
'Maximum model space distance between geometric entities at asserted c
onnectivities');
#2984=UNCERTAINTY_MEASURE_WITH_UNIT(LENGTH_MEASURE(0.001),#2995,
'DISTANCE_ACCURACY_VALUE',
'Maximum model space distance between geometric entities at asserted c
onnectivities');
#2985=UNCERTAINTY_MEASURE_WITH_UNIT(LENGTH_MEASURE(0.001),#2995,
'DISTANCE_ACCURACY_VALUE',
'Maximum model space distance between geometric entities at asserted c
onnectivities');
#2986=UNCERTAINTY_MEASURE_WITH_UNIT(LENGTH_MEASURE(0.001),#2995,
'DISTANCE_ACCURACY_VALUE',
'Maximum model space distance between geometric entities at asserted c
onnectivities');
#2987=UNCERTAINTY_MEASURE_WITH_UNIT(LENGTH_MEASURE(0.001),#2995,
'DISTANCE_ACCURACY_VALUE',
'Maximum model space distance between geometric entities at asserted c
onnectivities');
#2988=(
GEOMETRIC_REPRESENTATION_CONTEXT(3)
GLOBAL_UNCERTAINTY_ASSIGNED_CONTEXT((#2981))
GLOBAL_UNIT_ASSIGNED_CONTEXT((#2995,#2997,#2998))
REPRESENTATION_CONTEXT('','3D')
);
#2989=(
GEOMETRIC_REPRESENTATION_CONTEXT(3)
GLOBAL_UNCERTAINTY_ASSIGNED_CONTEXT((#2982))
GLOBAL_UNIT_ASSIGNED_CONTEXT((#2995,#2997,#2998))
REPRESENTATION_CONTEXT('','3D')
);
#2990=(
GEOMETRIC_REPRESENTATION_CONTEXT(3)
GLOBAL_UNCERTAINTY_ASSIGNED_CONTEXT((#2983))
GLOBAL_UNIT_ASSIGNED_CONTEXT((#2995,#2997,#2998))
REPRESENTATION_CONTEXT('','3D')
);
#2991=(
GEOMETRIC_REPRESENTATION_CONTEXT(3)
GLOBAL_UNCERTAINTY_ASSIGNED_CONTEXT((#2984))
GLOBAL_UNIT_ASSIGNED_CONTEXT((#2995,#2997,#2998))
REPRESENTATION_CONTEXT('','3D')
);
#2992=(
GEOMETRIC_REPRESENTATION_CONTEXT(3)
GLOBAL_UNCERTAINTY_ASSIGNED_CONTEXT((#2985))
GLOBAL_UNIT_ASSIGNED_CONTEXT((#2995,#2997,#2998))
REPRESENTATION_CONTEXT('','3D')
);
#2993=(
GEOMETRIC_REPRESENTATION_CONTEXT(3)
GLOBAL_UNCERTAINTY_ASSIGNED_CONTEXT((#2986))
GLOBAL_UNIT_ASSIGNED_CONTEXT((#2995,#2997,#2998))
REPRESENTATION_CONTEXT('','3D')
);
#2994=(
GEOMETRIC_REPRESENTATION_CONTEXT(3)
GLOBAL_UNCERTAINTY_ASSIGNED_CONTEXT((#2987))
GLOBAL_UNIT_ASSIGNED_CONTEXT((#2995,#2997,#2998))
REPRESENTATION_CONTEXT('','3D')
);
#2995=(
LENGTH_UNIT()
NAMED_UNIT(*)
SI_UNIT(.CENTI.,.METRE.)
);
#2996=(
LENGTH_UNIT()
NAMED_UNIT(*)
SI_UNIT($,.METRE.)
);
#2997=(
NAMED_UNIT(*)
PLANE_ANGLE_UNIT()
SI_UNIT($,.RADIAN.)
);
#2998=(
NAMED_UNIT(*)
SI_UNIT($,.STERADIAN.)
SOLID_ANGLE_UNIT()
);
#2999=SHAPE_DEFINITION_REPRESENTATION(#3005,#3016);
#3000=SHAPE_DEFINITION_REPRESENTATION(#3006,#3017);
#3001=SHAPE_DEFINITION_REPRESENTATION(#3007,#3018);
#3002=SHAPE_DEFINITION_REPRESENTATION(#3008,#3019);
#3003=SHAPE_DEFINITION_REPRESENTATION(#3009,#3020);
#3004=SHAPE_DEFINITION_REPRESENTATION(#3010,#3021);
#3005=PRODUCT_DEFINITION_SHAPE('',$,#3023);
#3006=PRODUCT_DEFINITION_SHAPE('',$,#3024);
#3007=PRODUCT_DEFINITION_SHAPE('',$,#3025);
#3008=PRODUCT_DEFINITION_SHAPE('',$,#3026);
#3009=PRODUCT_DEFINITION_SHAPE('',$,#3027);
#3010=PRODUCT_DEFINITION_SHAPE('',$,#3028);
#3011=PRODUCT_DEFINITION_SHAPE($,$,#26);
#3012=PRODUCT_DEFINITION_SHAPE($,$,#27);
#3013=PRODUCT_DEFINITION_SHAPE($,$,#28);
#3014=PRODUCT_DEFINITION_SHAPE($,$,#29);
#3015=PRODUCT_DEFINITION_SHAPE($,$,#30);
#3016=SHAPE_REPRESENTATION('',(#1876,#1993,#1994,#1995,#1996,#1997),#2988);
#3017=SHAPE_REPRESENTATION('',(#1877),#2989);
#3018=SHAPE_REPRESENTATION('',(#1878),#2990);
#3019=SHAPE_REPRESENTATION('',(#1922),#2991);
#3020=SHAPE_REPRESENTATION('',(#1939),#2992);
#3021=SHAPE_REPRESENTATION('',(#1980),#2993);
#3022=PRODUCT_DEFINITION_CONTEXT('part definition',#3042,'design');
#3023=PRODUCT_DEFINITION('2026-05-08-21-58-00-965','NewDesign',#3029,#3022);
#3024=PRODUCT_DEFINITION('2026-05-09-14-26-52-490','External2',#3030,#3022);
#3025=PRODUCT_DEFINITION('2026-05-09-00-20-07-553','drawer',#3031,#3022);
#3026=PRODUCT_DEFINITION('2026-05-09-18-17-03-571','wheelCage',#3032,#3022);
#3027=PRODUCT_DEFINITION('Sg90 bracket','Sg90 bracket',#3033,#3022);
#3028=PRODUCT_DEFINITION('2026-05-09-19-16-35-124','batteryHolder',#3034,
#3022);
#3029=PRODUCT_DEFINITION_FORMATION('',$,#3044);
#3030=PRODUCT_DEFINITION_FORMATION('',$,#3045);
#3031=PRODUCT_DEFINITION_FORMATION('',$,#3046);
#3032=PRODUCT_DEFINITION_FORMATION('',$,#3047);
#3033=PRODUCT_DEFINITION_FORMATION('',$,#3048);
#3034=PRODUCT_DEFINITION_FORMATION('',$,#3049);
#3035=PRODUCT_RELATED_PRODUCT_CATEGORY('NewDesign','NewDesign',(#3044));
#3036=PRODUCT_RELATED_PRODUCT_CATEGORY('External2','External2',(#3045));
#3037=PRODUCT_RELATED_PRODUCT_CATEGORY('drawer','drawer',(#3046));
#3038=PRODUCT_RELATED_PRODUCT_CATEGORY('wheelCage','wheelCage',(#3047));
#3039=PRODUCT_RELATED_PRODUCT_CATEGORY('Sg90 bracket','Sg90 bracket',(#3048));
#3040=PRODUCT_RELATED_PRODUCT_CATEGORY('batteryHolder','batteryHolder',
(#3049));
#3041=APPLICATION_PROTOCOL_DEFINITION('international standard',
'automotive_design',2009,#3042);
#3042=APPLICATION_CONTEXT(
'Core Data for Automotive Mechanical Design Process');
#3043=PRODUCT_CONTEXT('part definition',#3042,'mechanical');
#3044=PRODUCT('2026-05-08-21-58-00-965','NewDesign',$,(#3043));
#3045=PRODUCT('2026-05-09-14-26-52-490','External2',$,(#3043));
#3046=PRODUCT('2026-05-09-00-20-07-553','drawer',$,(#3043));
#3047=PRODUCT('2026-05-09-18-17-03-571','wheelCage',$,(#3043));
#3048=PRODUCT('Sg90 bracket','Sg90 bracket',$,(#3043));
#3049=PRODUCT('2026-05-09-19-16-35-124','batteryHolder',$,(#3043));
#3050=PRESENTATION_STYLE_ASSIGNMENT((#3052));
#3051=PRESENTATION_STYLE_ASSIGNMENT((#3053));
#3052=SURFACE_STYLE_USAGE(.BOTH.,#3054);
#3053=SURFACE_STYLE_USAGE(.BOTH.,#3055);
#3054=SURFACE_SIDE_STYLE('',(#3056));
#3055=SURFACE_SIDE_STYLE('',(#3057));
#3056=SURFACE_STYLE_FILL_AREA(#3058);
#3057=SURFACE_STYLE_FILL_AREA(#3059);
#3058=FILL_AREA_STYLE('Steel - Satin',(#3060));
#3059=FILL_AREA_STYLE('Opaque(246,246,243)',(#3061));
#3060=FILL_AREA_STYLE_COLOUR('Steel - Satin',#3062);
#3061=FILL_AREA_STYLE_COLOUR('Opaque(246,246,243)',#3063);
#3062=COLOUR_RGB('Steel - Satin',0.627450980392157,0.627450980392157,0.627450980392157);
#3063=COLOUR_RGB('Opaque(246,246,243)',0.964705882352941,0.964705882352941,
0.952941176470588);
ENDSEC;
END-ISO-10303-21;
